,id,created_utc,username,num_comments,upvotes,title
0,1bqfo2a,2024-03-29 03:48:09,dutchie_001,0,1,[Qustion wrist size]
1,1bqf0u5,2024-03-29 03:15:16,kornstarch_,0,0,Can someone help me identify the brand and model pls? thx
2,1bqf07m,2024-03-29 03:14:25,kornstarch_,1,0,What brand and model is this?
3,1bqer17,2024-03-29 03:01:25,Breggory,1,0,Can someone identify this watch Jeremy Clarkson is wearing?
4,1bqemho,2024-03-29 02:55:26,ppmp28,3,2,[Kenneth Cole] Reaction Timepiece- Worth anything?
5,1bqekdt,2024-03-29 02:52:32,dragonofthewest59,0,2,[Citizen] New watch day
6,1bqeisn,2024-03-29 02:50:27,Papawasaboringstone,5,0,Bill Burr‚Äôs Watch From Wired
7,1bqefqj,2024-03-29 02:46:20,heehawShanks,0,0,[Query] Are the hands on Junghans Max Bill Bent or is it the Dome Glass Effect?
8,1bqdug3,2024-03-29 02:17:51,kornstarch_,1,0,Which watch and model is this?
9,1bqdtbj,2024-03-29 02:16:24,wardjr193,1,4,[Seiko] Swapped the stock bracelet with a leather one!
10,1bqdsrf,2024-03-29 02:15:40,Addi498,13,2,[Question] Credor Kuon or 3861 Speedmaster as first luxury watch?
11,1bqcwyw,2024-03-29 01:33:41,scapaflow40,0,2,[Revue Thommen] Red Bezel Diver
12,1bqcw07,2024-03-29 01:32:26,RecommendationLong65,3,19,[watch guardian]
13,1bqcrua,2024-03-29 01:27:03,Traditional-Side752,0,1,[question] Affordable barrel watches
14,1bqclrw,2024-03-29 01:18:53,mtthwllms,2,0,[Submariner] Self Patina Project
15,1bqcbcn,2024-03-29 01:05:20,our-times-up,8,17,[SOTC] 10 watches
16,1bqbx68,2024-03-29 00:47:29,toast-ee,12,23,Any idea what watch Dave Roberts is wearing here?
17,1bqbwa7,2024-03-29 00:46:22,onkursen,3,18,[Casio Oceanus S400] My purchasing journey and first impressions
18,1bqbomk,2024-03-29 00:36:31,Spooky_Will321,4,0,"[ID req] My mom got this for me a long time ago, back of the watch doesn‚Äôt say anything"
19,1bqbojp,2024-03-29 00:36:24,OneFourtyFour144,0,2,[Seiko] [Citizen] [Casio]
20,1bqay3q,2024-03-29 00:03:33,Dry_Bag_2485,0,3,"Any Info on this Brand, or even the watch?"
21,1bqar5h,2024-03-28 23:55:16,Beautiful_Habit_1364,1,0,Need help authenticity check
22,1bqaoa8,2024-03-28 23:51:50,lautaro96,0,2,Help me id this watch
23,1bqaj5q,2024-03-28 23:46:03,Blujaybop,4,7,"[Glycine] New watch, thoughts?"
24,1bqaf3h,2024-03-28 23:41:16,RecoverCultural9197,6,5,[Review] Tissot PRX!
25,1bqaeen,2024-03-28 23:40:27,kinch5,1,4,[adding to collection] Citizen 
26,1bqae7u,2024-03-28 23:40:15,t4urus444,2,0,Does anyone know what this brand is?
27,1bqab4k,2024-03-28 23:36:32,Late-Piccolo8146,15,0,Can anyone figure out what this watch is
28,1bqa3eb,2024-03-28 23:27:19,plane_guy123,1,1,[Georg Christensen] - Can anyone tell me about this watch?
29,1bqa0ko,2024-03-28 23:24:01,craigerstar,10,3,"[technical question] oil filled Citizen Eco-Drive, good idea?"
30,1bq9rxc,2024-03-28 23:13:52,Direct_Leg6377,2,0,[Bulova Wilton] second hand confusion?
31,1bq9ojc,2024-03-28 23:09:52,eash4,4,25,[Longines Zulu Time] It‚Äôs been one year with my first watch
32,1bq8z6x,2024-03-28 22:40:27,Special-Addendum1675,14,0,[Christopher Ward - Bel Canto] thoughts?
33,1bq8v1h,2024-03-28 22:35:24,niceguynah,1,2,[Bulova] Thoughts on my Bulova Skelton watch?
34,1bq8jzv,2024-03-28 22:22:30,bobvdvalk,1,9,[Tissot] Just got the PR516
35,1bq8hdd,2024-03-28 22:19:33,Body_Cunt,3,1,[Identify] what the dictator of Venezuela is wearing
36,1bq8922,2024-03-28 22:09:32,maDIEmG,0,0,[Casio MDV106] Did a Hydro Mod on my MDV today
37,1bq85o3,2024-03-28 22:05:24,Tight_Shine_7419,4,0,[SOTC] My Entry Level Collection
38,1bq8312,2024-03-28 22:02:24,Infernoneedshealing,8,9,[Seiko 5] left my watch in the washer
39,1bq80xc,2024-03-28 22:00:08,AutoModerator,6,1,[Semi-Weekly Inquirer] Simple Questions and Recommendations Thread
40,1bq7qwx,2024-03-28 21:48:30,CaptainPhukflaps,1,19,[Seiko] JDM Lord Matic August 1974
41,1bq7pjf,2024-03-28 21:46:53,Ferr0x1de,0,0,Unknown watch!
42,1bq741t,2024-03-28 21:22:04,AVGuy42,12,45,[Fifty Phantoms] Funny Story‚Ä¶
43,1bq71tv,2024-03-28 21:19:39,l1v1ngst0n,32,166,[SOTC] I think I'm done
44,1bq70lh,2024-03-28 21:18:13,trickiedickly,0,11,[Seiko 5 Field GMT] I‚Äôm in love
45,1bq70f6,2024-03-28 21:17:59,kc0bzr,0,1,[Question] Breitling Super AVI B04 Watch or equivalent?
46,1bq6x3j,2024-03-28 21:14:19,vind89,22,170,[Sternglas Lumatik] Bauhaus isn‚Äôt boring
47,1bq6t6l,2024-03-28 21:09:49,Noobsinvestor,18,0,I‚Äôd watch for me
48,1bq6ely,2024-03-28 20:53:35,Vegetable-Ad-9324,0,9,[Seiko] Seiko ‚ÄùOlive Green‚ÄùArabic dial MOD
49,1bq6b5s,2024-03-28 20:49:43,SuicidalGuidedog,15,0,ID President Clinton's watch
50,1bq64p5,2024-03-28 20:42:26,nichkaav,2,8,[Vacheron Constantin] Thinest movement 1.64mm
51,1bq646c,2024-03-28 20:41:50,veno-veni,8,17,[SOTC] I feel I've spent too much over the past few years
52,1bq5uk6,2024-03-28 20:31:13,Timbitman,3,28,"Just inherited my grandfather's Omega, Can anyone help me identify the exact model and year?"
53,1bq5sos,2024-03-28 20:29:10,_borsuk,2,0,[FUJITIME] Any information on this watch?
54,1bq5qzv,2024-03-28 20:27:19,1989ChevyCelebrity,10,1,[Question] If you bought a watch with the intent of it being an heirloom would you do anything differently or do you have any regrets?
55,1bq5kjm,2024-03-28 20:20:19,Wildfire0747,2,1,"Can someone identify, it was my Dad's"
56,1bq59lx,2024-03-28 20:08:13,robyroby496,8,0,Is this an existing watch?
57,1bq57di,2024-03-28 20:05:43,travelingmansreddit,2,2,[SOTC] How do I complete my collection?
58,1bq51no,2024-03-28 19:59:34,brganger,0,3,Dad brought over some family hand-me-downs today. Was wondering if anyone knows anything about them?
59,1bq4svj,2024-03-28 19:49:23,OffWhiteG_16,1,3,[Vintage Omega]
60,1bq4rla,2024-03-28 19:47:51,belleri7,0,2,Second Hand Chopard - make/model/worth?
61,1bq4ilm,2024-03-28 19:37:37,Polar-bears-sip-cola,2,3,Can any of you id this watch?
62,1bq4arm,2024-03-28 19:28:30,Semy-D,3,24,[Seiko Solar Chrono] Finnaly found the perfect strap
63,1bq49vq,2024-03-28 19:27:27,ham_fx,1,0,Looking for an ID. Cartier
64,1bq4832,2024-03-28 19:25:23,Leonardo-Chase,7,1,[white dial divers] any recommendations?
65,1bq40qg,2024-03-28 19:16:54,Crab_Fingers,44,126,"[Cartier] Is it too big? Probably. Do I care? Nope, I love it. "
66,1bq3zx8,2024-03-28 19:16:00,Lucy_First,0,1,need Information on the B.H Mayer Pope John Paul II Magnetic Movement Coin Watch
67,1bq3wy0,2024-03-28 19:12:33,platodachessboxer,1,1,[Question] Styles make fights. Which of these 3 black watches are you backing?
68,1bq3wb3,2024-03-28 19:11:46,smallpom,3,1,[Recommendation] buying first watch in Tokyo under 600$
69,1bq3no4,2024-03-28 19:01:55,melliw11,4,0,[NOVO the STREET] Any info?
70,1bq3l2q,2024-03-28 18:59:11,HungryShare494,1,1,[Identify] Circa 1950 Omega
71,1bq3e0t,2024-03-28 18:51:08,Mister-FR07,11,0,What type of is this watch and what it is worth? 
72,1bq397o,2024-03-28 18:45:45,buzzerbeatin,0,16,"[Alba AG8M37X1] Wanted to try tifanny without risk, eyeing casio lineup but got this instead."
73,1bq393u,2024-03-28 18:45:37,Francy088,10,3,[36mm gold-tone Q Timex] Do you think this watch looks feminine?
74,1bq3452,2024-03-28 18:40:10,ShadowDancer11,3,1,[Recommendation Request] Ulysses Nardin: Anyone Know a Reputable Independent Servicer in the US?
75,1bq30ps,2024-03-28 18:36:20,immadane,4,12,[Ball Fireman Enterprise- Thoughts] Started my watch collection
76,1bq2xrj,2024-03-28 18:33:12,Least-Ingenuity9631,113,134,[thoughts?] Bb pro or longines hodinkee Zulu gmt?
77,1bq2wm5,2024-03-28 18:31:59,banwe11,1,0,Does anybody know what watch Sir Keir has?
78,1bq2vze,2024-03-28 18:31:17,NLStraps,1,1,[Cartier] Tanks Meets Ostrich Leg
79,1bq2mln,2024-03-28 18:20:55,Land_As_Exile,5,3,[Question] Honest opinions on hamilton khaki 38
80,1bq2kv7,2024-03-28 18:19:05,EveningSecure4608,23,0,[recommendation request]
81,1bq2bty,2024-03-28 18:09:34,bigjpert,2,1,[Orient Kamasu 2] Band Suggestions
82,1bq29i9,2024-03-28 18:06:59,Tight_Shine_7419,23,0,[AP] The Beauty of a Double Balance Wheel
83,1bq22oe,2024-03-28 17:59:56,tfl_435671,11,7,Michael Kay Opening Day watch?
84,1bq1y4v,2024-03-28 17:54:49,El_Pivote,31,0,[JLC] Why do JLC watches suck?
85,1bq1rvs,2024-03-28 17:47:59,JamesMosesAngleton,13,7,[Discussion] Watches much recommended but seldom seen in collections
86,1bq1o9j,2024-03-28 17:44:04,NotYoHoeNoMoe,0,1,[Longines Spirit Zulu Time] NATO strap?
87,1bq1n43,2024-03-28 17:42:47,Few-Metal-8443,8,0,[submariner date] thoughts
88,1bq1i71,2024-03-28 17:37:28,Successful-Read-6145,2,0,Can anyone ID this watch?
89,1bq1fx7,2024-03-28 17:34:57,Spacemuch,4,1,[Question] Looking for a substitute strap for my Citizen watch!
90,1bq1elt,2024-03-28 17:33:27,Turbulent_Mall6699,5,0,Watch links
91,1bq197y,2024-03-28 17:27:22,electricpollution,1,12,[Spinnaker] Oxblood red
92,1bq18s8,2024-03-28 17:26:53,Junekim10,3,9,[Longines] Avigation Big Eye
93,1bq16my,2024-03-28 17:24:30,rooble,2,34,[Omega] Seamaster Aqua Terra
94,1bq15za,2024-03-28 17:23:45,Saltshaker200,11,4,[DISCUSSION] Beginner Dress Watches
95,1bq1332,2024-03-28 17:20:24,fireplacescraper,6,1,Need help finding replacement band
96,1bq0n3j,2024-03-28 17:02:20,SnooDoughnuts1946,33,13,[Recommendations please] Seeking suggestions for a GMT in the 3-4k range
97,1bq0gn7,2024-03-28 16:55:24,hezoun000,6,0,[Tom Ford - 001] I am curious
98,1bq011d,2024-03-28 16:37:39,StableDrip,55,0,[PRX] I genuinely don't understand the hype around the Tissot PRX
99,1bq00ar,2024-03-28 16:36:48,Specialist-Drummer34,1,1,Can someone ID this watch?
100,1bpzn3r,2024-03-28 16:21:55,AncestralRespawn,0,2,[I need color] Help me pick one‚Ä¶ or more! Considerations in description
101,1bpzmq8,2024-03-28 16:21:29,notoriouswun,14,0,[Question] Space/Aviation inspired watches for women?
102,1bpzkk2,2024-03-28 16:18:59,thefrenchsmallgoat,4,2,[Seiko GMT] Just received a Seiko 5619-7010 GMT and...
103,1bpzjcd,2024-03-28 16:17:31,RevolutionFantastic4,2,1,Vintage Watches
104,1bpz9df,2024-03-28 16:06:15,dreftzg,11,36,[Daily News] Breitling Celebrates 140th Year With Navitimer 41 And Cosmonaute B12; A Colorful Bauhaus Watch From Sternglas; Christopher Ward's Quartz Military Watch; And New From Czapek And Arnold & Son
105,1bpz7cw,2024-03-28 16:03:55,ilovezippers,6,4,"[Question] Graduation gift for brother, $500 budget"
106,1bpyxuf,2024-03-28 15:53:13,Exact-State-3653,1,0,[Identification] What tactical watch is this? look like suunto core but it‚Äôs not
107,1bpyth1,2024-03-28 15:48:19,SwanRons0n_,5,1,[Recommendation Request]
108,1bpyimv,2024-03-28 15:35:29,nuclearbalm1976,13,36,[SOTC] 2024 - relatively new
109,1bpyhrn,2024-03-28 15:34:27,BananasAndButtholes,1,7,[Sekonda Monica] My first watch as an adult
110,1bpyfle,2024-03-28 15:31:48,Public_Investigator_,2,0,Need help with identifying this watch
111,1bpy4hw,2024-03-28 15:18:36,Vegetable_Two4725,1,3,[IWC Grapes] Any clue as to what this could be?
112,1bpy0oo,2024-03-28 15:14:08,HinduTyrone,7,0,[Advice] - Gifting watch to groom
113,1bpxsk6,2024-03-28 15:04:37,RevolutionaryHippo85,248,853,Can someone ID this watch?
114,1bpxnid,2024-03-28 14:59:14,Few_Major2048,4,0,"Can anyone help keep identify my grandfathers watch? (Purchased in the 1980‚Äôs, non original strap)"
115,1bpxl27,2024-03-28 14:56:16,WakeUpAndLive13,2,9,[Stauer] 1779. Just used some new watch modding skills to restore a gift watch my Grandma gave me as a kid!
116,1bpxhhw,2024-03-28 14:51:46,ron_swan530,1,1,[Advice] Islander Manhasset 36mm or Islander Brookville 38mm?
117,1bpxehs,2024-03-28 14:48:12,DarkEmumu,14,0,Does someone know the reference number of these?
118,1bpx8xo,2024-03-28 14:41:20,Thomas7249,0,1,[Casio W-737H] Buttons no longer work after I opened my watch.
119,1bpx5wm,2024-03-28 14:37:46,juswa1111,1,7,[TUDOR]
120,1bpx5w3,2024-03-28 14:37:44,HotlineBirdman,33,136,[Tudor] Pink Black Bay Chrono announced
121,1bpx1tt,2024-03-28 14:32:46,_Meet_James_Ensor,67,339,[Rolex] He thought he'd sold his Rolex for $15K. Sleight of hand left him with coupons instead.
122,1bpwtot,2024-03-28 14:22:53,og-n00b,1,2,[Brew Metric] Titanium?
123,1bpwssu,2024-03-28 14:21:48,snipes81,0,2,[Tudor BBB] summer shoes
124,1bpwq5r,2024-03-28 14:18:28,alubloba,4,1,[tissot j132/232k] is it a good watch for 200 euros? It is vintage‚Ä¶
125,1bpwjxb,2024-03-28 14:10:41,GhostBombardmenT,9,2,[Oris] or [longines] or [CFB]
126,1bpwham,2024-03-28 14:07:21,FUHGETTABOUTIT_1,15,1,[question] Where do you buy your straps?
127,1bpwc5g,2024-03-28 14:01:11,DuckieTheDuckie,1,12,[Oris Aquis] Shiny bezels are underrated
128,1bpwb84,2024-03-28 14:00:10,bitsocker,5,3,[C63 Valour] New Christopher Ward 39mm quartz Chronograph
129,1bpw9wv,2024-03-28 13:58:31,MonkeyCarWash,2,0,Tom Segura's watch?
130,1bpw99x,2024-03-28 13:57:42,Uravirus,3,2,Survey says?
131,1bpw4fh,2024-03-28 13:51:31,C6Centenial,5,8,[Tissot]
132,1bpvxwp,2024-03-28 13:43:06,Tech_Support2712,12,5,[Nivada Grenchen] Should I buy the new Nivada Grenchen Mecaquartz before pre-sale closes?
133,1bpvxiy,2024-03-28 13:42:36,TealBirdy2,8,1,[Seiko] Buying a watch for the first time
134,1bpvid5,2024-03-28 13:22:30,Zluma,2,2,"[SOTC] My current fav, rotation, and additions"
135,1bpv30w,2024-03-28 13:02:21,BooksAreOk,0,1,[Seiko Mods] Chronosmod Experience?
136,1bpuz6l,2024-03-28 12:57:23,AnyTreacle6009,2,2,[Identify] Old Audemars Piguet from my grandfather
137,1bpuxqz,2024-03-28 12:55:26,Jumba2009sa,0,1,"[Ebel Vintage] Grandfather Watch, Brittle Bracelet"
138,1bput3a,2024-03-28 12:49:10,smokingnoir01,3,30,[Brew Metric - Retro Dial]
139,1bpushj,2024-03-28 12:48:21,TommyStreet,0,1,[Accurist MB264] where can I get replacement bracelet links?
140,1bpukr1,2024-03-28 12:38:01,Sebi_XD,17,41,[SOTC] I like my collection so far. What should I add next?
141,1bptxj3,2024-03-28 12:05:11,JjoJjo0JjoJjo,5,0,[Sunborn] anyone familiar with this brand?
142,1bptwxg,2024-03-28 12:04:21,FlyingMocko,0,0,Any clue what watch this is ?
143,1bptwx9,2024-03-28 12:04:20,nik5an,33,339,[Cartier] Ten whole trips around the sun!
144,1bptl4o,2024-03-28 11:47:12,Vuukplejer,10,0,[MoonSwatch] Does the moonswatch still have issues with quality?
145,1bptjqe,2024-03-28 11:45:10,Lurlerrr,4,10,"[SOTC] A humble Japan focused collection (well, not entirely)"
146,1bpsydt,2024-03-28 11:11:14,bsette,2,0,[Spinnaker] 50 Phantoms Review
147,1bpsuvp,2024-03-28 11:05:37,moz273,7,76,[Happy 40th Birthday] to me!
148,1bpssv9,2024-03-28 11:02:22,SizzleInGreen,17,162,[Oris Pointer Date] Happy Opening Day! Go Pirates! üè¥‚Äç‚ò†Ô∏è
149,1bpsn4x,2024-03-28 10:53:01,AudaciousCo,5,100,[SBGM003] Classic Grand Seiko
150,1bpsl81,2024-03-28 10:49:38,Superb-Kangaroo6659,30,122,[Collection] Rate my budget taste 
151,1bpsdu8,2024-03-28 10:36:53,HocusThePocus,1,31,"[556i red second] yep, another Sinn"
152,1bps7co,2024-03-28 10:25:45,ahnt_l,1,0,I can‚Äôt really find any prices for this mido watch in particular
153,1bprwrg,2024-03-28 10:07:24,KansLLL,9,1,"We're curious, How much this thing can cost?"
154,1bpru71,2024-03-28 10:03:00,Rhinnooo,7,1,[Recommendation Request] Is 220$ for this Omega a good price?
155,1bprovc,2024-03-28 09:53:44,Sea-Seaweed-1514,56,73,Any ID on Andrew Huberman's watch in his recent video? <3
156,1bprg7f,2024-03-28 09:37:52,Wrappingwealth,0,1,[Looking for a similar watch - Bulova Octova]
157,1bpr851,2024-03-28 09:22:26,Aun_Muhammad06,17,0,Watch damage
158,1bpqz80,2024-03-28 09:04:27,iTzlMayhem,257,288,[SOTC] 2024. Which ones do I sell which ones do I keep?
159,1bpqwnn,2024-03-28 08:59:59,withhindsight,6,2,Sieko (dive?)watch
160,1bpqncs,2024-03-28 08:41:11,Ok-Contribution-1171,5,0,What watch is this and what‚Äôs the value of it
161,1bpqn7m,2024-03-28 08:40:55,tuttok,3,1,[Question] ‚ÄúWatch Philosophy‚Äù dealer on Chrono24 - is this normal?
162,1bpqir8,2024-03-28 08:31:36,lojojojojo,1,8,[Seiko SRPC23]
163,1bpqhdc,2024-03-28 08:29:06,Nneliss,2,0,"[Chopard Two O Ten] Well done, but a bit much"
164,1bpq9t3,2024-03-28 08:14:00,WhatEver405,12,115,[Seiko SSC911P] I love chronographs now
165,1bppund,2024-03-28 07:44:17,Thelakesman,1,1,[vacheron constantin overseas alternative]
166,1bpptyt,2024-03-28 07:42:54,lincoln_imps,10,0,[Identification] This is a tricky one!
167,1bppqq3,2024-03-28 07:36:32,So-za0219,83,33,[Recomendation Request] What watch would you gift under 500$?
168,1bppn7r,2024-03-28 07:29:29,newuser1958,7,10,Tell me more about this Rolex
169,1bppflp,2024-03-28 07:14:20,trollindisguise,2,0,whats the difference between these two watches? (WV-59R-1AJF vs. WV-59J-1AJF)
170,1bpor1v,2024-03-28 06:28:36,saiyamannnn,7,14,[Seiko Arabic Dial]
171,1bpodh9,2024-03-28 06:03:30,NotRealTiger,2,2,limited edition casino edifice
172,1bpocq8,2024-03-28 06:02:07,AutoModerator,7,4,"[Wrist Check] Official Wrist Check Thread for March 28, 2024"
173,1bpo2m2,2024-03-28 05:44:04,RSquared787,2,4,[TAG Heuer] ‚Äúglassbox‚Äù Carrera in its natural habitat (a 911 Carrera)
174,1bpo16b,2024-03-28 05:41:23,-Delphi,0,0,"[Recommendation request] Looking for a watch similar to Breguet Marine 5823, 5817, or 5527"
175,1bpnz48,2024-03-28 05:37:38,eyeholeses,3,3,[Citizen Promaster Dive] Got my first metal bracelet watch.
176,1bpnl6d,2024-03-28 05:13:25,Alternative_Air6483,2,0,[Rado Greenhorse] Is it worth the $100 price tag?
177,1bpn97q,2024-03-28 04:53:50,outstandingdawg,11,14,[SOTC] Any ideas for the big number 10?
178,1bpmwa2,2024-03-28 04:33:08,ProfessionalBrick17,8,2,[Question] Does this watch sit too high/low? Also is it too big for me?
179,1bpmnu2,2024-03-28 04:20:04,vejepsephi,49,73,[Watch Collection] See how my watches have evolved over time!
180,1bpmlm5,2024-03-28 04:16:38,wannabearmychief,2,0,"[Identify] NCIS S10: E1 @ 11:27. What watch is ""Gibs"" wearing?"
181,1bpmkx9,2024-03-28 04:15:37,Lazy-Iron1766,4,0,Does anyone know what watch this is?
182,1bpmjp2,2024-03-28 04:13:49,HotlineBirdman,5,1,"[Article] Damn, people are straight up learning magic in order to get their hands on a Rolex "
183,1bpm5we,2024-03-28 03:53:18,No_Addendum_6467,1,0,[Suggestions] What should be my next watch?
184,1bpm5k9,2024-03-28 03:52:46,No_Addendum_6467,4,0,[Suggestions] What should be my next watch?
185,1bpm2l4,2024-03-28 03:48:19,kornstarch_,9,0,What‚Äôs brand and model is this? thx
186,1bpltfj,2024-03-28 03:34:46,slamdunker0619,0,0,Any ones know anything about this watches? (1st is tava or Java idk quartz water resistant stainless steel back and 2nd is tag heuer professional 200 meters)
187,1bplmp8,2024-03-28 03:25:12,WineNerdAndProud,12,49,[SOTC] my style is like throwing a dart at a watch magazine from when Adam West was Batman.
188,1bpl5ux,2024-03-28 03:01:31,echc47,7,2,[PRX Powermatic 80] Love letter to the PRX
189,1bpkmdr,2024-03-28 02:35:07,spaniel_rage,9,0,"[Question] 9 years of collecting, and now i'm Rolex-curious. Should I pull the trigger?"
190,1bpkhb3,2024-03-28 02:28:11,nguyenjosephandrew,2,0,[Question] Is this a good daily/starter watch?
191,1bpkc9g,2024-03-28 02:21:34,headchiefdirectorofx,9,0,[swatch speedmaster] glass replacement
192,1bpjvin,2024-03-28 01:59:30,Soft-Lock928,3,0,Help identify vintage Swiss watch
193,1bpjt7u,2024-03-28 01:56:22,Deepmoat71,4,1,[Not sure where to start]
194,1bpjmft,2024-03-28 01:47:38,ihp7,1,0,[Benrus] Expandable band recommendations
195,1bpjl3y,2024-03-28 01:45:52,Top-Peak8895,0,8,[SOTC]
196,1bpjh4s,2024-03-28 01:40:42,wardjr193,17,0,[Invicta] Why the hate?
197,1bpjf9k,2024-03-28 01:38:14,trickynibblesssss,10,7,[recommendation request] Anyone know where to pick up this seiko at a decent price?
198,1bpjd8h,2024-03-28 01:35:32,Top-Peak8895,0,0,[SOTC]
199,1bpj7hn,2024-03-28 01:28:05,Tight_Shine_7419,58,201,[SOTC] Grail Collection Slowly Growing
200,1bpj2sn,2024-03-28 01:21:44,Smewhyme,15,78,[Rolex Explorer] I‚Äôm obsessed
201,1bpixiu,2024-03-28 01:14:43,Bulky_Obligation164,6,8,[SOTC]What should I get next?
202,1bpiozu,2024-03-28 01:03:32,Plastic_Pop_1768,2,0,[OMEGA X SNOOPY MOONSWATCH]
203,1bpih3k,2024-03-28 00:53:42,CocaColaFanatic,9,0,if anyone can identify this it‚Äôs you guys
204,1bpi2wr,2024-03-28 00:35:49,jean_abdalla,83,391,What watch he is using?
205,1bpi0yl,2024-03-28 00:33:16,Oxonii,0,0,[question] Watch stores in Sydney
206,1bphzb6,2024-03-28 00:31:12,Avthony,8,41,[Tissot TRX Powermatic 80] Got my first ever non-smart watch today.
207,1bphp07,2024-03-28 00:18:25,BastiaanG17,0,12,[New Piece] Tudor Pelagos 39mm
208,1bphg19,2024-03-28 00:07:22,antifragile-watches,0,0,[Question] Buying from smaller auction houses
209,1bphacj,2024-03-28 00:00:44,Striking_Shift_3700,5,0,[identity] need help please
210,1bph2c7,2024-03-27 23:51:08,Ellis_9884,5,1,Is this a hall mark?
211,1bpgtxa,2024-03-27 23:41:30,efthimi_,158,163,[Fantasy SOTC] Six watches I would love to own one day. Any feedback or reccomendations?
212,1bpgpmc,2024-03-27 23:36:34,EXILEDinATL666,1,9,[Seiko SBDC051/SPB051] One of my favorites. 
213,1bpgca6,2024-03-27 23:21:03,robi1138,6,0,[Guess the brand] Part V
214,1bpfgsz,2024-03-27 22:44:42,Cheezily,0,2,[Timex] Classic Ironman 8-Lap. Solution to the brittle bands
215,1bpfdot,2024-03-27 22:41:07,Remarkable-Regret652,4,16,[collection so far‚Ä¶]
216,1bpfcxu,2024-03-27 22:40:12,Zacta,5,5,[Junghans] Chronoscopes - help me choose!
217,1bpfal6,2024-03-27 22:37:34,bossoline,21,87,[Casio] I finally get what all of the fuss is about with G-Shocks... 
218,1bpfa1z,2024-03-27 22:36:58,degrig0,2,2,[Seiko]
219,1bpf13s,2024-03-27 22:26:36,degrig0,5,2,[Seiko kinetic]
220,1bpehjm,2024-03-27 22:04:56,100skylines,20,6,[Orient] Could someone talk me out of buying this watch
221,1bpefm8,2024-03-27 22:02:47,ron_swan530,4,0,[Question] 36mm vs 38mm?
222,1bpeesp,2024-03-27 22:01:50,FCD4456,0,10,[Timex] Dynabeat Groovitude
223,1bpeclv,2024-03-27 21:59:39,Mando-69,8,0,Any ideas on what this might be?
224,1bpe3kb,2024-03-27 21:49:08,Spiryt6,0,1,Gallet Venus 140? Evaluation
225,1bpe21f,2024-03-27 21:47:30,mushbee1,24,1,What watch is Ryan wearing?
226,1bpdhg3,2024-03-27 21:24:29,Llama_Thief,1,0,"Info on this watch, please."
227,1bpdcmg,2024-03-27 21:19:07,SoccerCoachABV,4,1,[Tag Heuer Formula 1] first entry level luxury watch
228,1bpdatc,2024-03-27 21:17:06,Errol-Flynns-Ghost,0,9,[Citizen Promaster NY0120-52X] Yellow Dial
229,1bpd1ya,2024-03-27 21:07:06,Will_better_than_ksi,1,1,[Question] Anyone know what watch this is?
230,1bpcz1z,2024-03-27 21:03:48,scottdiver67,0,7,[Grand Seiko SBGX091] The ‚Äúbudget‚Äù Milgauss?
231,1bpcyoi,2024-03-27 21:03:22,NewspaperBoring8443,6,0,[] Numa Jeannine?
232,1bpc85e,2024-03-27 20:33:22,RippingLegos,1,4,[Seiko] First Orange Face Watch-Seiko automatic:
233,1bpc2v0,2024-03-27 20:27:36,Independent_Mood2795,1,0,Watch from Good Doctor S1: E14
234,1bpc2ol,2024-03-27 20:27:25,Beneficial-Control22,3,35,[Oris] my first Swiss watch + SOTC
235,1bpbx3n,2024-03-27 20:21:13,aadil183,6,0,Watch with pen/pencil design
236,1bpbih5,2024-03-27 20:04:53,SnooCats5904,0,0,Can anyone help me identify this watch. Please let me know. 
237,1bpbgal,2024-03-27 20:02:36,11chanza,5,59,[Casio] First big girl watch
238,1bpbel7,2024-03-27 20:00:57,Rocmue,2,0,"This pic has been doing the rounds, any idea what watch Chris Hemsworth is wearing here? "
239,1bpbdrr,2024-03-27 20:00:11,Zic6269,3,5,"[SOTC] My small but cherished four watch collection. Probably way too much justification for why I have these, but it‚Äôs why I‚Äôm here. Roast if you‚Äôd like; could be fun ü§∑üèº‚Äç‚ôÇÔ∏è"
240,1bpbcgz,2024-03-27 19:58:50,rayhanurkabir,29,4,[Need Help] Hamilton VS Frederique Constant!!!
241,1bpao6f,2024-03-27 19:31:38,itsperfectlysplendid,1,2,[Movado Calendomatic] Should I buy this old bad boy?
242,1bpalco,2024-03-27 19:28:30,DarkEvE,1,14,[Omega] My first Omega watch
243,1bpaj2p,2024-03-27 19:26:01,arussianbee,8,0,[Advice for a first proper piece] I'm in an arid desert of ideas!
244,1bpag2u,2024-03-27 19:22:32,zhuwatch,4,0,[Question] Best credit card for watch purchases? Points / cash back
245,1bpaek3,2024-03-27 19:20:53,ScottieRiewoldt97,3,0,The Streets
246,1bpab51,2024-03-27 19:17:08,mathias_wolfrum,0,0,[Identify] Grandfather's Inheritance
247,1bpa8y2,2024-03-27 19:14:43,Resident-Condition-9,4,8,[Wrist Check] PAM88 On My 6.5in Wrist
248,1bpa0k0,2024-03-27 19:05:23,Confident_Feedback66,0,0,need help IDing this specific watch
249,1bp9yv0,2024-03-27 19:03:30,penultimatewatch,8,79,[Halios] I‚Äôm a sucker for a white dial 
250,1bp9uij,2024-03-27 18:58:54,ThatOGSportsGirl,5,0,[Piaget] Thoughts on 3 Ladies Watches
251,1bp9k53,2024-03-27 18:46:55,Tasty-Speech-4419,49,17,[Question] Which watch looks the best from among these?
252,1bp9dgg,2024-03-27 18:39:27,goodtimes_department,4,1,"[Question] Are there any budget-friendly rubber straps with 22mm lug width and 4mm taper? I.e., measuring 22mm at the lugs and tapering to 18mm at the buckle/clasp."
253,1bp973k,2024-03-27 18:32:13,kinch5,8,4,[opinion] bracelet or get ready for summer with rubber band?
254,1bp8w53,2024-03-27 18:20:13,hamidclemso,1,1,Anyone know something about this seiko 5?
255,1bp8iar,2024-03-27 18:04:54,mooninuranus,0,8,[StudioUnderd0g] Series02 - First impressions and a question
256,1bp8hgw,2024-03-27 18:03:58,Dry_Bag_2485,0,0,What exactly is this? Any way to find out more outside of calling the Locle Museum?
257,1bp8g4g,2024-03-27 18:02:27,hotshot0123,9,16,[SOTC] my current entry to mid level watch collection
258,1bp86s7,2024-03-27 17:52:00,Bus1nessn00b,10,0,[Identify] Which watch is Bra Pit wearing?
259,1bp7vtw,2024-03-27 17:39:36,Ok-Contribution-1171,17,0,Can anyone help me identify this watch
260,1bp7gbs,2024-03-27 17:22:17,thibounet,8,27,[MeisterSinger] Best Jumping Hour watch for the money ?
261,1bp7f7p,2024-03-27 17:21:07,WorkingShot9203,24,0,Helpp
262,1bp7b39,2024-03-27 17:16:25,vunamese,5,22,"[SOTC] Land, Air, Sea, and‚Ä¶Space?"
263,1bp79wi,2024-03-27 17:15:04,kingkev1407,6,3,[Citizen Tsuyosa] Is it safe to buy watches on Amazon?
264,1bp77y8,2024-03-27 17:12:49,Commercial-Squash669,11,2,[question] can someone price this watch for me ?
265,1bp74ph,2024-03-27 17:09:04,MrJapps,2,8,[SOTC] Current downsized collection
266,1bp71jc,2024-03-27 17:05:25,CdnScruss,6,0,[Omega Constellation] need advice
267,1bp6rqb,2024-03-27 16:54:45,maracusdesu,2,9,[Galo Novo]
268,1bp6q1p,2024-03-27 16:52:52,kaizenaf,4,0,Anyone know what models these are?
269,1bp6isa,2024-03-27 16:44:48,linxianer12,2,49,[Piaget] It's been half year with my Altiplano even though dial look simplicity but movement was so gorgeous with micro-rotor !
270,1bp6hnu,2024-03-27 16:43:34,Pettycash517,1,9,Omega Seamaster Vintage 1969?
271,1bp6ezr,2024-03-27 16:40:29,Vegetable_Two4725,106,531,[Russian McDonald‚Äôs watch] any thoughts? Picked this guy up for $265
272,1bp689p,2024-03-27 16:32:57,ZuVieleNamen,4,10,[Hamilton Khaki King Auto] brushing polished bezel?
273,1bp5ysz,2024-03-27 16:22:10,No-Flatworm6182,5,18,[Nodus Sector Pilot Blackbird] Thoughts on this?
274,1bp5y56,2024-03-27 16:21:27,catedhustla,11,0,[Question] 38mm or 42mm Khaki Field Murph?
275,1bp5y4l,2024-03-27 16:21:25,M_oonWatcher,16,0,[Running about minus ONE second a day. Worth getting it regulated? Pics for Attn.]
276,1bp5xsw,2024-03-27 16:21:03,felipaao,11,32,[Certina] 38mm diver watch
277,1bp5usm,2024-03-27 16:17:44,metaxa171,3,23,[Mondaine] Received my beauty today!
278,1bp5q0d,2024-03-27 16:12:23,Perpedualmotion,2,0,Anyone know what Pete is wearing?
279,1bp5llu,2024-03-27 16:07:19,Soultrading,0,0,Identify plse
280,1bp5jn8,2024-03-27 16:05:01,search4lagoon,0,0,"[Yema Superman] blue lagoon Quartz, seeking"
281,1bp5j5s,2024-03-27 16:04:26,noburgersforme45,9,1,Looking to find out the origin of this watch and price!
282,1bp5hn2,2024-03-27 16:02:42,5starChad,6,2,[Question] What‚Äôs your favorite Citizen Eco Drive
283,1bp5fgj,2024-03-27 16:00:33,gundoreads,2,20,[Mukemao] Seagull 1963 is a delight on wrist
284,1bp54d0,2024-03-27 15:47:30,robi1138,16,0,[Guess the brand] Part IV
285,1bp53fm,2024-03-27 15:46:24,jameswarren11,9,10,"[Autodromo Group C] lcd. Too expensive, less features than a basic casio but that's ok"
286,1bp4vx2,2024-03-27 15:37:43,PazMan1,1,0,[Watch ID] What watch is Kit Harrington wearing in the Hidden 20% podcast interview?
287,1bp4sv7,2024-03-27 15:34:07,howareyoufellas332,6,9,[Tissot powerautomatic 80 silicium] good daily watch so far
288,1bp4rpb,2024-03-27 15:32:47,Asa-37,3,0,What watch is this?
289,1bp4act,2024-03-27 15:12:46,mkwnesq,0,0,[Identity]
290,1bp48dc,2024-03-27 15:10:29,Spin3r,7,0,Watch that looks like that 35-36mm?
291,1bp44cr,2024-03-27 15:05:40,ses713,0,0,[Xeric] Taking the Vendetta 2 for a spin 
292,1bp41x0,2024-03-27 15:02:45,Complete-Warthog584,7,0,What watch is Hurley Haywood wearing here?
293,1bp3vaw,2024-03-27 14:55:15,dreftzg,7,32,[Daily News] Raymond Weil Releases Four Beautiful Millesime Moon Phase Watches; New Depancel Automatic Allure Chrono; Vaer Expands R1 Line; And Speake-Marin's Monochromatic Ripples Infinity Date
294,1bp3u7p,2024-03-27 14:53:59,Resident_Complaint16,13,278,"[CASIO] Fun fact: on the school I went to, on senior year there was a tradition of ordering Casios with the School logo for every student"
295,1bp3smk,2024-03-27 14:52:08,WhosWoo,1,1,[Question] Which movement is better PT5000 or ST2130?
296,1bp3rnf,2024-03-27 14:51:00,oh-_long-_johnson,5,0,[Piaget] saw this in a thrift store
297,1bp3i2e,2024-03-27 14:39:57,rcrdofjrdo,5,1,[Question] Am I out of the game? Opinions sought!
298,1bp34ir,2024-03-27 14:23:50,Manningheim,1,0,Tissot
299,1bp31h3,2024-03-27 14:20:08,LegitGamer117,1,6,[SOTC] Spring of 2024
300,1bp2vay,2024-03-27 14:12:31,tourbillon001,2,0,[richard mille] the design language that got me into watches
301,1bp2oh1,2024-03-27 14:04:19,DunderFoxtrot,10,0,[Recommendation Request] Looking for a recommendation for a wedding
302,1bp2hhg,2024-03-27 13:56:11,tomahawk66mtb,1,12,[CW C60 Tide] a dive watch after a dive
303,1bp2djb,2024-03-27 13:51:22,Comfortable-Look9563,2,0,What Cartier Model Watch is this?
304,1bp298z,2024-03-27 13:46:00,Minimum_Wasabi594,9,29,A college friend has this watch that was given to him from his father
305,1bp28z8,2024-03-27 13:45:42,watchstig,56,0,[Burgundy] Tudor
306,1bp26je,2024-03-27 13:42:36,giucer,98,256,[GADA] AliExpress Sale Purchase
307,1bp1zl3,2024-03-27 13:33:36,Financial_Notice_335,8,0,Whats the name of this watch?
308,1bp1wlg,2024-03-27 13:30:00,MUTSJEAN,72,391,Could anyone help me identify this watch?
309,1bp1fs8,2024-03-27 13:07:37,Flipdickle,20,100,[SOTC] Apparently I‚Äôm a Vintage Guy
310,1bp0uj6,2024-03-27 12:38:55,Ugabuga69420,5,0,[Question] Good dress watch with roman numerals under 1000‚Ç¨?
311,1bp0tgy,2024-03-27 12:37:25,Cogwork,36,0,What's this silver part?
312,1bp0lg4,2024-03-27 12:25:48,thatfitnessdude7,1,0,Can anyone help me identify this watch?
313,1bp076u,2024-03-27 12:04:47,Efflinger,140,151,"[Advice] which to sell, which to keep?"
314,1bp011p,2024-03-27 11:55:27,Structureel,1,15,[Seiko Spirit SBTR017] It's not easy being green
315,1bozvb0,2024-03-27 11:46:25,BlacksmithBulky6094,33,323,[Seiko] Got my first automatic
316,1bozrg5,2024-03-27 11:40:10,depressed-llama,4,0,[Question] Is there a way I can get the missing logo on my grandfather's watch?
317,1bozo7w,2024-03-27 11:34:55,Animus0724,0,2,[Benrus Air Chief II]
318,1bozl5c,2024-03-27 11:30:05,BruceIrvin,17,50,[Patek 5205R] Is there a similar looking watch in an affordable price category?
319,1bozf6b,2024-03-27 11:20:12,Financial-Session-25,4,0,[Question] Sold out/ discontinued Boss watch strap
320,1boz9jk,2024-03-27 11:11:06,Realistic-Camera-645,5,34,[SNXS79] New bracelet thoughts
321,1boz5ui,2024-03-27 11:05:04,Uneecorn,1,10,[SOTC] 27 yo student
322,1boyuku,2024-03-27 10:46:45,Significant_Ant_2461,23,170,[Farer] Erebus. My second Farer. 
323,1boyosh,2024-03-27 10:36:18,ManyExotic3590,0,0,[Longines Hydroconquest] Does exist any good bracelet alternative ?
324,1boygqt,2024-03-27 10:21:25,Harryclownie,0,0,Watch Dexter wears in One Day
325,1boy3st,2024-03-27 09:57:38,JacksonSawyer,0,14,[The Dream and the Daily]
326,1boxvmd,2024-03-27 09:41:31,LiukSL,1,1,[Timex Exp North Solar 36mm] compatible Metal strap
327,1boxlfw,2024-03-27 09:21:07,Outrageous_Seesaw724,0,0,Can someone identify the red watch?
328,1boxdfl,2024-03-27 09:04:08,TraditionalOffer2437,1,0,What watch is this?
329,1boweh5,2024-03-27 07:53:04,Ad0lfKittler,6,37,[SOTC] My Budget Collection
330,1bow6ak,2024-03-27 07:36:27,xplodium90,2,0,Identify this watch
331,1bovxra,2024-03-27 07:19:56,Penguins-fan-budgie,12,2,[Question] What is the best place to buy budget-friendly watch straps online?
332,1bovpnz,2024-03-27 07:04:44,dansemp,5,2,[Rado Captain Cook] Help me decide on my first Rado watch
333,1bovgpr,2024-03-27 06:48:12,siete_ocho,70,57,"[SOTC] Having a crisis of faith: Who needs more than 2 or 3 watches, especially cheap ones?"
334,1boutjt,2024-03-27 06:04:37,New-Ad3862,8,0,[Question] Wearing mechanical watch in humid climate?
335,1bous7j,2024-03-27 06:02:07,AutoModerator,13,3,"[Wrist Check] Official Wrist Check Thread for March 27, 2024"
336,1boulgh,2024-03-27 05:50:06,rerorichie,0,0,[Identify] Anyone able to help me find out what this watch is?
337,1boudxl,2024-03-27 05:36:34,Judigine,2,1,Anybody an idea what a good buying price would be?
338,1bou1kw,2024-03-27 05:15:07,redditerman414,18,166,[SOTC] My current collection
339,1bou11f,2024-03-27 05:14:05,osirock,1,0,[TAG Heuer question] about logo placement on Link Chrono CT5111
340,1bou0od,2024-03-27 05:13:25,Specialist_Giraffe_5,6,0,[Recommendation Request]
341,1botsl4,2024-03-27 05:00:13,espressotooloperator,2,17,[Marathon Gallet]
342,1boto87,2024-03-27 04:53:07,Bobson-Mcdoogle,2,20,"[1940's Longines Oversized 12.68Z, 38mm]"
343,1botm01,2024-03-27 04:49:29,sourdoughinSF,0,1,[Question] Any chance Orient releases more of the Bambino v7 with the pastel dial colors?
344,1bot448,2024-03-27 04:20:54,stanlob,21,20,[FC Highlife] Like this Overseasy vibe a lot. Finally smaller 39mm‚Ä¶ but what about 34 Tiffany?
345,1bosn40,2024-03-27 03:55:27,gundoreads,0,8,[Orient] Kamasu‚Äôs simplicity is sheer beauty
346,1bosco5,2024-03-27 03:40:27,t3hc0d3m4n,7,99,[JLC Reverso]
347,1bortik,2024-03-27 03:13:50,Saatwik_OG,4,4,[Vostok Amphibian] Soviet Military Heritage!
348,1boroc6,2024-03-27 03:06:52,Normal-Park-6407,2,0,Weatherman 
349,1bordbu,2024-03-27 02:52:10,wardjr193,8,0,[Citizen] Too tight?
350,1boqtzr,2024-03-27 02:26:36,robi1138,6,5,[Guess the brand] Part III
351,1boqq4l,2024-03-27 02:21:36,TheDarknessInside06,12,145,[Timex Expedition Metal Field] Got my first watch today!
352,1boqd13,2024-03-27 02:04:50,CookZealousideal8567,8,26,[timex datalink 150]
353,1boq8p4,2024-03-27 01:59:30,Japesthetank,5,17,[SOTC] I need a bigger box...
354,1boq6qo,2024-03-27 01:57:00,Nakagura775,4,0,[Question] Deciding between two watches and need some feedback.
355,1bophzs,2024-03-27 01:25:11,Valuable-Job7554,12,0,[Question] I just measured my wrist and it‚Äôs too big for any of my favorite watches! Help!
356,1bop68l,2024-03-27 01:10:43,No_Dragonfruit_9833,2,0,[Question] Jared Galleria
357,1booory,2024-03-27 00:49:27,jc717,6,19,[Evolution] A new era!
358,1boo4zz,2024-03-27 00:25:38,jd_918,17,96,Interesting find at a vintage store.
359,1boo4ev,2024-03-27 00:24:59,JayObsidian,2,0,[HELP] Me Find This Watch
360,1boo2ml,2024-03-27 00:22:54,robi1138,12,7,[Guess the brand: Part II]
361,1boo1ip,2024-03-27 00:21:34,1krnjesus,28,3,[question] 5K budget
362,1boo0ko,2024-03-27 00:20:26,Gold_Technician_1865,1,5,[Seiko 5] replacement bracelet
363,1bonqy5,2024-03-27 00:09:20,SBTC_Strays_2002,53,364,"[ORIS Big Crown Pointer Date] My first ""expensive"" and most unique watch."
364,1bonpku,2024-03-27 00:07:44,ohsilver64,3,0,Any help with IDing these watches? They were bought before 2004.
365,1bonh0m,2024-03-26 23:58:26,Rionn,5,1,[Grand Seiko] Are the vintage Grand Seiko watches worth it?
366,1bonciz,2024-03-26 23:53:02,ElvisIsATimeLord,4,1,[Revelot] Friend brought this home from Malaysia
367,1bon9v2,2024-03-26 23:50:04,StackyFof,4,0,[Zenith] Should I go crazy with a black rubber strap on a reverse panda ?
368,1bon60p,2024-03-26 23:45:34,WineNerdAndProud,1,0,"[Seiko 6139-6015] An ""inherited"" recently refurbed Seiko 'Bruce Lee' with a long backstory"
369,1bomkor,2024-03-26 23:21:50,terraninteractive,34,2,[Question] What's an affordable homage/alternative to Rolex Starbucks?
370,1bomfu5,2024-03-26 23:16:24,Bulky-Mango-5287,8,18,[Seiko mod ULTRANOVA] I wanted it so I made it!
371,1bomaiu,2024-03-26 23:10:33,robi1138,15,4,[Guess the brand]]
372,1bolrx4,2024-03-26 22:50:24,birdbump,0,0,[Question] So I have an appointment with AP scheduled for next week. I inquired about the new Openworked Sand Gold Watch. What can I expect?
373,1bolfr2,2024-03-26 22:37:05,OS_San,3,25,[Tudor] I Caved
374,1bolb70,2024-03-26 22:32:14,A1m4Life,11,0,[Boderry Voyager] Will this watch last me a long/life-time?
375,1bol8tu,2024-03-26 22:29:42,NoahGH,2,0,[Question] What's the difference between these watches?
376,1bol6ps,2024-03-26 22:27:24,Previous-Log-4025,6,10,[SOTC]
377,1bol4pd,2024-03-26 22:25:13,Far_Cellist_7531,1,2,[Question] Santos de Cartier refresh soon? Or buy now?
378,1bokvft,2024-03-26 22:15:04,jimmytherockstar,75,276,[SOTC] Sub $500 collection as a student
379,1boks9o,2024-03-26 22:11:29,Spin3r,8,0,[Timex Easy Reader] similar in higher quality 
380,1bokk5t,2024-03-26 22:02:25,deathkr0wn,34,211,"[WOTD] ""No Feet"""
381,1bokgpz,2024-03-26 21:58:53,BluebirdSignal5426,15,83,"[Ball] We all have sentimental pieces that are only sentimental in value, but what about sentimental watches that are also not cheap?"
382,1bokecb,2024-03-26 21:56:12,papa_benny420,5,0,[Omikron] Watch won‚Äôt wind up?
383,1bok72j,2024-03-26 21:48:28,allnightemacs,1,0,[Identify]
384,1bojzyl,2024-03-26 21:40:41,SunshineP26,1,0,[Identify] [Jules Jurgenson Watch]
385,1bojtdi,2024-03-26 21:33:19,danilunch,5,0,[Someone sell me this watch pls] Seiko SUR315
386,1bojh0h,2024-03-26 21:20:04,chronodynamix,5,20,[SOTC] Junghans Germany Max Bill Purple Dial ref. 027.3600.44
387,1boivgf,2024-03-26 20:57:02,TheHolaBalola,1,0,Any clue on the value of this?
388,1boivd8,2024-03-26 20:56:56,Sir_TG,0,0,[Question] Delugs vs Drwatchstrap
389,1boiocv,2024-03-26 20:49:09,wanderingislander,1,0,Omega DeVille for ¬£300 -- what model is this?
390,1boifyp,2024-03-26 20:40:05,WeToteHeaters,410,900,[WOTD] Invicta Bolt Marvel Thanos
391,1boif45,2024-03-26 20:39:13,ItsOnLikeNdamakung,1,4,[Rolex] Datejust 126234 on Gator today
392,1boi6nk,2024-03-26 20:30:03,Gainznsuch,1,0,Anybody know the reference for Scully's Omega in S6 E6?
393,1bogt2b,2024-03-26 19:34:58,Dan_the_Marksman,49,161,Can anybody tell me what watch the chef is wearing?
394,1bogdpl,2024-03-26 19:18:35,innerspxaker,16,41,[SOTC] A years worth of collecting!
395,1bog5uy,2024-03-26 19:10:01,Zaraton,4,2,I can't [Identify] the watch i was gifted 10 years ago
396,1bog25u,2024-03-26 19:05:56,Dry_Bag_2485,0,1,[Seiko 6119-5460] Is my first watch a Frankenstein?
397,1bofxxb,2024-03-26 19:01:30,ItsSoFluffyyy,1,0,Watch ID Help
398,1bofxu7,2024-03-26 19:01:25,rus_bro,14,147,[CITIZEN]Decided to just go Vintage
399,1bofvh9,2024-03-26 18:58:57,SGX_Kill,4,0,[Question] Skagen or Fossil Hybrid
400,1bofrm8,2024-03-26 18:54:26,RicardoHawkes,1,0,[Rolex] Got the call for my grail watch! Yacht-Master Rhodium 2024
401,1bofrf7,2024-03-26 18:54:12,snowthrowaway1234,23,0,[Omega Speedmaster] Watch buying advice for a 20 year old?
402,1boflew,2024-03-26 18:47:22,Dry-Statistician7016,12,26,[repair advice] will this be a big fix?
403,1bof26c,2024-03-26 18:26:11,Lucaayes,11,4,[Advice] Which Seiko 5 GMT?
404,1boesqt,2024-03-26 18:15:44,Correct_Situation_38,2,1,[Question] Is there any nyce gold tone watches around $800? Or is PRX the best one
405,1boeliw,2024-03-26 18:07:58,CoulntFindGoodName,1,0,[Question] Buying nomos in UAE/airports
406,1boehsb,2024-03-26 18:03:45,hamidclemso,1,0,anyone know anything about this watch?
407,1boebsk,2024-03-26 17:57:19,Glxdius_,6,0,Anyone know what this watch is and how much it‚Äôs worth?
408,1boe0f2,2024-03-26 17:44:57,Electrical_Market949,0,11,[SOTC] 5 years of collecting
409,1bodn2n,2024-03-26 17:30:06,Scene-Feisty,10,6,[recommendation] new daily watch
410,1bodko3,2024-03-26 17:27:19,PainCakes44,2,0,[Advice] Thomas Earnshaw Websites
411,1bod7zo,2024-03-26 17:13:18,moshedem,0,22,[Imperial Pendant Watch] The coolest watch I've owned yet!
412,1bod7bc,2024-03-26 17:12:33,MyNameIsVigil,29,295,[Jaeger-LeCoultre] My Snow Shoveling Companion
413,1bod5d8,2024-03-26 17:10:16,Aggressive_Garlic400,3,1,[Discussion] Vaer DS5 Meridian vs. Seiko SNE573
414,1bod4va,2024-03-26 17:09:42,BuckEWild,2,1,[Discussion] Patina or Restore?
415,1bod4bb,2024-03-26 17:09:04,FuntivityColton,3,6,[G-SHOCK] New 40th Anniversary Full Metal In The Snow.  
416,1bocyck,2024-03-26 17:02:22,_daddy_salsa_,1,1,[Identify] Looking for this vintage beauty.
417,1bocrn3,2024-03-26 16:54:59,Snooter-McGavin,4,0,[Trip Report] Visited Japan. Here‚Äôs the state of market prices there.
418,1boc7a0,2024-03-26 16:31:52,catrovacer3309,0,19,[Titoni] Came across my grandpa's wedding watch.
419,1bobszs,2024-03-26 16:15:49,Competitive_Weird958,1,0,Hamilton thrift store find. Details?
420,1bobk4g,2024-03-26 16:05:40,synthesizer91,3,0,[Question] Bracelet resizing help
421,1bobhc3,2024-03-26 16:02:32,PrioritySpiritual921,0,30,[Tag Heuer Aquaracer Professional 200 Date]  Bachelor trip gift to myself for my wedding! 
422,1boasls,2024-03-26 15:33:38,Competitive_Fee9937,3,3,[Watch Rotation]
423,1boao0p,2024-03-26 15:28:13,Rickym09,10,0,Watch help
424,1boanrl,2024-03-26 15:27:55,rossgallin,1,3,[Davosa Swiss Ternos Seahorse]
425,1boaimg,2024-03-26 15:21:44,PoundIncludeReddit,11,3,[Advice] Seiko SPB143 vs Mido Ocean Star Tribute
426,1boab02,2024-03-26 15:12:51,lethargicardio,5,3,[question] Citizen‚Äôs ‚ÄòThe Citizen‚Äô opinions?
427,1bo9z9f,2024-03-26 14:59:14,Far-Kale4445,0,18,[Seiko Presage]
428,1bo9ybi,2024-03-26 14:58:03,freshwaterJC120,2,2,[SNK789] Can I swap out the 7s26 movement?
429,1bo9u8s,2024-03-26 14:52:59,seaofthievesnutzz,4,1,[Recommendation Request] best single handed 12 or 24 hour watch?
430,1bo9q15,2024-03-26 14:47:58,MrSandman1986,2,2,[Question] Watch buying at airports?
431,1bo9psk,2024-03-26 14:47:40,deadbeefisanumber,2,7,[Hamilton] got this new strap from a local seller
432,1bo9jy6,2024-03-26 14:40:50,ATC-96,14,2,[Advice] Which size fits me best?
433,1bo97q8,2024-03-26 14:26:09,mrjamieb,8,0,[Identify] What is this dive watch?
434,1bo8z51,2024-03-26 14:15:45,StunningDeer8237,0,1,[Identification] Xavier de Rosnay (Justice) wearing at SXSW 2024
435,1bo8oxf,2024-03-26 14:03:27,Crafty_Bunch6063,69,243,[SOTC] one of them gets 90% of wrist time
436,1bo8joo,2024-03-26 13:57:33,Careful-Tangerine400,0,1,[Recommendation Request] - yellow gold dress watch around USD 10k or less?
437,1bo8e9t,2024-03-26 13:50:48,Any_Reserve_5537,3,3,[SOTC] 11 Years later and this is what  I have.
438,1bo81ym,2024-03-26 13:35:06,Ok-Region6266,28,10,"[Advice] omega watch owners, should I use a watch winder?"
439,1bo7yyt,2024-03-26 13:31:15,Senenter,5,53,[Tudor] Some leather for the BB58!
440,1bo7yin,2024-03-26 13:30:43,supermaj,6,19,[SOTC] Rate my three-watch collection
441,1bo7vds,2024-03-26 13:26:42,DEWDEM,100,88,"[Recommendation] Affordable ""weird"" watches?"
442,1bo7qjw,2024-03-26 13:20:28,Additional-Lie-8300,4,19,[Vostok Amphibia]
443,1bo7nai,2024-03-26 13:16:11,SoccerCoachABV,4,0,[Advice] Which would you choose?
444,1bo7mxv,2024-03-26 13:15:42,MagicBeardMan86,25,60,[Nodus & Raven] New watch day
445,1bo7al2,2024-03-26 12:59:30,dreftzg,12,68,"[Daily News] Timex Releases Beautiful Blue Dial Falcon Eye Chrono; Carl F. Bucherer Gives Heritage Bicompax Annual A Silver Opaline Dial; Louis Erard x Silberstein, Once Again; Squale's First Titanium Watch"
446,1bo762c,2024-03-26 12:53:14,bas_ananas,81,363,[TAG Heuer Carrera Calibre 5 39mm] Any advise?
447,1bo6yhw,2024-03-26 12:42:39,Haunting_Umpire9824,1,1,Junghans watch
448,1bo6spc,2024-03-26 12:34:32,Thelakesman,9,2,[speedmaster on sailcloth]
449,1bo6rvl,2024-03-26 12:33:20,Dutzu_777,2,6,[Zenith] Is this a rare timepiece?
450,1bo6os8,2024-03-26 12:29:05,Le-Vlas,248,168,[Advice] Looking for the perfect watch for my wedding
451,1bo6li5,2024-03-26 12:24:22,Fantastic_Check_3133,1,0,Anyone know this watch/brand?
452,1bo61wl,2024-03-26 11:56:25,Werdarok,5,1,[Orient] Parts
453,1bo5z0c,2024-03-26 11:52:01,Kind_Battle_2362,0,12,"[Seiko Speedtimer] Yellow Gold ""Seytona"" JDM SBDL089"
454,1bo5m81,2024-03-26 11:32:08,legoteil_32557,2,1,Can anyone help me with this watch? 
455,1bo4tca,2024-03-26 10:45:22,Common-Two5809,3,3,[Discussion] Should I get a new strap
456,1bo4rze,2024-03-26 10:42:55,mustafajamal99,1,0,Help me identify this watch!
457,1bo40qe,2024-03-26 09:55:11,Hungry_Barracuda_374,0,0,Help me identify this mechanical Karex watch
458,1bo40m1,2024-03-26 09:54:58,jon3sy10,4,0,[Question] Rolex Explorer 2 40mm price guide
459,1bo3glq,2024-03-26 09:17:34,SupermotoArchitect,2,2,[Question] Can anyone recommend a particular watch box and stand they found to be excellent quality? 
460,1bo33xi,2024-03-26 08:53:13,Super_Function_58,10,0,"[Question] I found these on marketplace, do I buy them?"
461,1bo2tpa,2024-03-26 08:32:43,Ideal_beer,2,8,[ Searching for a similar Watch ]
462,1bo2d1w,2024-03-26 08:00:55,supremefreen,2,0,[IWC Pilot Chrono] Watch Service - Additional Repairs
463,1bo21qh,2024-03-26 07:38:13,faulKartoffel,20,17,[Recommendation Request] Help me choose my first watch
464,1bo20yj,2024-03-26 07:36:30,Bellmeister,15,0,[Invicta] Does depth of water resistance indicate a better watch?
465,1bo1u1x,2024-03-26 07:23:05,Bruufds,3,2,does anybody know this watch?
466,1bo1que,2024-03-26 07:17:09,SpicyWeener1,18,0,[Discussion] what does collecting mean to you?
467,1bo1ids,2024-03-26 07:01:12,Large_Visual,14,1,[Hamilton Jazzmaster] is this watch a good buy?
468,1bo1a6a,2024-03-26 06:45:58,BeautifulChallenge84,3,3,[cartier panthere] first time buyer at chrone24 with private seller help please
469,1bo18u1,2024-03-26 06:43:23,troyw9,0,5,Found in my grandmas collection after she passed.. can‚Äôt find a lot online about this tiny little watch
470,1bo14oc,2024-03-26 06:35:33,carp800,2,0,[Concern About Shipping/Packaging Of New Watch]
471,1bo11lm,2024-03-26 06:29:54,killer_s,3,0,[discussion] favorite out-of-ordinary modern designs under $5k
472,1bo0mue,2024-03-26 06:02:07,AutoModerator,7,2,"[Wrist Check] Official Wrist Check Thread for March 26, 2024"
473,1bo0kcp,2024-03-26 05:57:54,Wtfiscleansprite26,4,0,Curious what this might be worth?
474,1bo0fge,2024-03-26 05:48:54,Penguins-fan-budgie,17,57,[Question] [SRPE45] Does anyone have any affordable replacement strap suggestions for the Seiko cocktail time mojito? (20mm)
475,1bo03hl,2024-03-26 05:27:58,athleticshorts,1,0,Gio Reyna watch id?
476,1bnzyil,2024-03-26 05:19:12,Character-Survey5032,18,32,[Orient Small Seconds] What do you think?
477,1bnzi8g,2024-03-26 04:52:01,BongBong420x,2,7,[Heuer and Daytona] Hand styles
478,1bnzgpt,2024-03-26 04:49:41,Independent_Sky1559,0,1,[Longines] My great-grandmother's watch
479,1bnz8u4,2024-03-26 04:37:14,sasquatchwatch,1,27,[Lorier Astra] Cosmic Blue
480,1bnz41f,2024-03-26 04:29:58,villamitre,174,317,[Advice] Which would you choose?
481,1bnz2pr,2024-03-26 04:27:54,_jmace,0,0,Bishop Barron's Watch
482,1bnz0qk,2024-03-26 04:24:58,availableeddy,4,0,[reverso] Best place to get pre owned reverso?
483,1bnz0mz,2024-03-26 04:24:49,adrian2040,1,1,[EDOX 27021] Tips on repairing the bracelet?
484,1bnyy34,2024-03-26 04:21:00,yield_seeker,1,15,[UNDONE] Fresh out of the box and loving the look. Review to follow.
485,1bnyxmy,2024-03-26 04:20:19,143AamAadmi,2,0,[Recommendation] Looking for a recommendation
486,1bnycz9,2024-03-26 03:49:42,mrbeanisunclean,14,12,[Seiko Flightmaster] My watch now gives me anxiety
487,1bny3z7,2024-03-26 03:36:43,seeking-peelers,14,0,[HAMILTON] received my estimate for Khaki Field Auto repair from Swatch
488,1bnxyoq,2024-03-26 03:29:02,Zesto_314,32,1,[Size Help] It's my first time buying a watch - please send help. (*Àä·óúÀã*)/·µó·ëã·µÉ·ê¢·µè ·µû·µí·µò·µé
489,1bnxx73,2024-03-26 03:26:53,chronodynamix,3,5,[SOTC] Patek Philippe Golden Ellipse 3748/1
490,1bnxvv4,2024-03-26 03:24:58,OriginalDaddy,25,48,[Omega Aqua Terra World Timer] vs. [Patek 5110J].
491,1bnxjjz,2024-03-26 03:08:15,Stillroc5,3,0,Can anyone identify this watch?
492,1bnwt2m,2024-03-26 02:32:50,9g4bAi7Rqh,1,0,[Question] Buying from SHH Pendulum in Bangkok
493,1bnwokl,2024-03-26 02:26:58,MrMassador,1,5,[Omega Speedmaster Professional] It‚Äôs Speedy Tuesday somewhere
494,1bnwir9,2024-03-26 02:19:27,j1nx718,5,0,Help identify Omega Watch
495,1bnwdl5,2024-03-26 02:12:37,Serjio96,9,0,Should I stay away from China? 
496,1bnwbqd,2024-03-26 02:10:16,nguyenjosephandrew,6,0,[Question]: Is this deal too good to be true?
497,1bnvt5h,2024-03-26 01:46:15,CryptoCrews,2,2,[Franck Muller 6850 Master Banker 18k]
498,1bnvkf8,2024-03-26 01:34:54,Snakeksssksss,2,38,[Casio] Tank
499,1bnv7p5,2024-03-26 01:18:54,ZilGuber,1,0,[Question] Can anyone help me identify this watch from Mrs. Maisel?
500,1bnv7g9,2024-03-26 01:18:37,Upper_Dimension_6559,3,7,Any ideas on which watch this is ?
501,1bnv6n4,2024-03-26 01:17:33,slagathor_zimblebob,17,14,[Hamilton] What kind of bracelet (if any) would you try this watch on?
502,1bnv4sn,2024-03-26 01:15:17,scary_maryy,2,7,Found this watch while moving some stuff for my grandma
503,1bnv2kc,2024-03-26 01:12:26,Beautiful-Proof-9282,0,1,[Invicta Grand Diver]
504,1bnuv92,2024-03-26 01:03:20,Glittering-School597,3,18,[Omega Collection]
505,1bnup3v,2024-03-26 00:55:42,sl5181,26,89,[SOTC] Start of Watching Collection journey
506,1bnubwv,2024-03-26 00:39:23,kip_diskin,6,77,[Nomos] Joined the club today
507,1bnu4nr,2024-03-26 00:30:29,Osobady,1,18,[Girard-Perragaux] 1966 Orion. The power of the galaxy on my wrist.
508,1bntyyh,2024-03-26 00:23:28,jack_fritz,1,6,[Casio] back to the basics (DW-290 & SGW-100)
509,1bntl1y,2024-03-26 00:07:14,Megosun88,4,6,[seeking reccomendations] dressy gmts
510,1bnthr7,2024-03-26 00:03:24,im_a_wannabe_dog,0,0,[Question] Trying to make Seiko 7s36c in 3d modeling software (project)
511,1bnthmn,2024-03-26 00:03:15,TheSkepticalEngineer,6,19,[Marathon] MSAR Monday
512,1bnta6w,2024-03-25 23:54:47,foxed000,0,3,[Collection] Looking to broaden horizons
513,1bnswfq,2024-03-25 23:38:34,dadlife94,55,418,[My First Mechanical Watch]
514,1bnsvwt,2024-03-25 23:37:54,highergravityday,6,72,[Hamilton Murph] Murph In The Sky
515,1bnsqjp,2024-03-25 23:31:51,swa6211,11,27,[Moonswatch Snoopy] Black edition
516,1bnsq0t,2024-03-25 23:31:16,itsAniq,2,0,[Islander Melville GMT] thoughts?
517,1bnsp9m,2024-03-25 23:30:27,itsAniq,0,0,[Islander Melville GMT] thoughts?
518,1bnslg0,2024-03-25 23:26:10,rakesh_85,80,232,[Bulova] announces a new Marine Star Precisionist dive watch. Thoughts?
519,1bnse6a,2024-03-25 23:17:38,excellent_rektangle,11,0,[GMT] suggestions under $1k
520,1bnsdyo,2024-03-25 23:17:21,macadamia_nut00,1,0,[Seiko Prospex SSC813] help
521,1bnsb3m,2024-03-25 23:14:08,EncantaParolas98,0,0,"[QUESTION] [CASIO] The bracelet on my EFR-S108D-2AV broke at the case hinge, to me, it looks like a bad design and extreme low quality, look at the small amount of metal on the hinge. Any suggestion on how to fix it besides replacing the strap, and hope that it doesn't brake?"
522,1bns2kk,2024-03-25 23:04:19,unicornbadass88,6,0,[Discussion] The Youthzz
523,1bnrzrx,2024-03-25 23:01:09,Bawtz,4,0,[Cartier Tank 1150][Question] Wondering if anyone can help with a rough value?
524,1bnrysr,2024-03-25 23:00:13,opticalwarts,4,0,"[Jacot automatic]. Hi, everyone if you can help me identify whether this is a watch that is good to buying or not ."
525,1bnrxql,2024-03-25 22:59:02,UnscrupulousEdits,2,0,[Identify] Please help me identify my late Grandfather's Omega watch from the 1940s
526,1bnruyt,2024-03-25 22:55:53,GrindinRehab,4,0,Can anyone tell me what this means?
527,1bnrnq5,2024-03-25 22:47:48,f0xw1f3,12,0,[Longines] Please help with antique Weems info
528,1bnrbq9,2024-03-25 22:33:54,Dakon44,0,14,Dragon Ball z watches
529,1bnr5eo,2024-03-25 22:26:57,mufffinman99,2,0,"[Louis Lacombe, yellow strap]"
530,1bnr3yv,2024-03-25 22:25:22,Independent_Sky1559,0,1,[SOTC] My collection!
531,1bnr1di,2024-03-25 22:22:32,Ellacod,1,0,What‚Äôs the CEO of Bell Telecom wearing?
532,1bnqu2d,2024-03-25 22:14:47,Melodic-Equivalent-8,0,0,[Help Pick a Case] Need advice putting a mod watch together
533,1bnqn5p,2024-03-25 22:07:33,ShamiXen,4,2,[SOTC] State of my collection at 20yo
534,1bnqja3,2024-03-25 22:03:29,Kind_Competition_253,2,12,[Blind Great Grandfather‚Äôs Pocket Watch]
535,1bnqcbj,2024-03-25 21:56:23,MikeyFiveBucks,1,5,[Grand Seiko SBGX033] Bought myself a gift for winning a simulator golf league
536,1bnpnx9,2024-03-25 21:30:31,AdAltruistic3093,7,63,[WOTD] My recent pick up
537,1bnpdyv,2024-03-25 21:19:44,Exemplaryexample95,274,323,[Movado] Any love for this brand?
538,1bnpd2b,2024-03-25 21:18:46,SausageDogBelly,11,0,[Discussion] Picked up my Rolex Datejust from servicing üëé
539,1bnp8qu,2024-03-25 21:14:03,Elegant-Inside1114,0,0,IDENTIFY WATCH
540,1bnp5ro,2024-03-25 21:10:59,Due-Painting8587,5,0,Help identifying watch!
541,1bnp3ob,2024-03-25 21:08:51,druflem98,0,0,Lassale Watch ID
542,1bnp3f5,2024-03-25 21:08:34,sugaraholic223,11,5,[Omega smpc 300] stops even with daily use
543,1bnoy4c,2024-03-25 21:02:44,Limp_Meringue_474,0,0,[tissot] chrono XL classic
544,1bnon95,2024-03-25 20:51:18,Dramatic_Taro5846,2,0,Bill Blass ID?
545,1bnoknw,2024-03-25 20:48:44,bornbredtex,7,28,[SOTC] Four out of five are probably here forever
546,1bno7ce,2024-03-25 20:34:27,Halldor-T,2,0,Can anyone help me identify this watch
547,1bno49d,2024-03-25 20:31:07,The_Flagrant_Vagrant,2,4,[JLC] Follow up to last months post of what watch I should buy?
548,1bno43u,2024-03-25 20:30:57,xDEAD112,2,0,Help.
549,1bno19x,2024-03-25 20:27:53,Professional-Tie3595,3,0,[Question] need helping find out what watch this is or the name of the band itself?
550,1bno13g,2024-03-25 20:27:42,frankrankthebank,6,0,What is the name of this Seiko and is this a fair price?
551,1bnnxt8,2024-03-25 20:24:14,AsstRegMGMT,2,9,[Sturmanskie Sputnik] Happy Birthday to Me
552,1bnnrjs,2024-03-25 20:17:38,InsidePresentation44,2,0,Anyone know what this watch is?
553,1bnnosm,2024-03-25 20:14:35,farslan,4,34,"[Tudor] My first diver watch, the BB 58"
554,1bnnnbj,2024-03-25 20:12:57,Strict-Comb-8091,5,15,[SOTC] My collection 
555,1bnnd6g,2024-03-25 20:02:10,senpaiene,3,0,Found this watch can someone pls identify this watch
556,1bnn65v,2024-03-25 19:55:07,alsarea3,3,1,Which year is this Omega De Ville from? 
557,1bnn4uj,2024-03-25 19:53:42,eharriett,4,10,[Blogpost] More Info Than I Ever Knew Existed About Vintage Military Straps
558,1bnn1wl,2024-03-25 19:50:22,EvanWebDev,5,0,Anyone have any info on this USSR watch I bought? Picked it up at an estate sale and can't find anything about it online.
559,1bnn11w,2024-03-25 19:49:26,goldenn_n,0,0,[Question] Looking to buy Seiko watch in Eu
560,1bnmslv,2024-03-25 19:40:17,Beishunter420,1,0,Help identifying Omega watch (1954) [Question]
561,1bnmsbc,2024-03-25 19:40:00,Un_Coded,6,4,[Fossil ME3099] Got this Beauty on spring sales for 130‚Ç¨!
562,1bnmlrn,2024-03-25 19:32:52,42Berner42,14,7,[Tissot Le Locle luxusversion] Whats your opinion about my watch?
563,1bnmged,2024-03-25 19:27:07,mandarin80,0,14,[Certina DS Diver] Titanium 43
564,1bnme5j,2024-03-25 19:24:47,Vegetable_Two4725,15,0,Any ideas? Can‚Äôt find anything in regards to this Rolex.
565,1bnm70r,2024-03-25 19:17:06,Soft_Incident8543,0,5,[King Seiko] one of my favorite pieces a 1970s King Seiko
566,1bnm6rq,2024-03-25 19:16:52,Lifeisafineline,2,0,Any specifics on this watch?
567,1bnm2nm,2024-03-25 19:12:24,jg-14,2,43,[Hamilton Aviation Pilot Pioneer 38mm]
568,1bnltzf,2024-03-25 19:02:52,Matememefactory,4,23,[Swatch 1996 Secret Agent] My first watch that i bought with my own money.
569,1bnlpj9,2024-03-25 18:58:19,tpourciau,1,4,[Mido] Mido Commander II
570,1bnlp8g,2024-03-25 18:57:57,mangoesfuckyeah,4,1,[Question] Straps to make a watch wear smaller?
571,1bnloru,2024-03-25 18:57:25,sombati,0,0,[Identify] Inherited Cyma Watch
572,1bnloho,2024-03-25 18:57:06,EndlessProjectMaker,27,0,[Bulova] The lunar pilot story is a true story?
573,1bnlofg,2024-03-25 18:57:02,OkDealer5037,3,0,[Recommendation Request] Help Picking a Wedding Gift
574,1bnlk5a,2024-03-25 18:52:16,Fozeyg123,3,0,Anyone recognize this watch?
575,1bnljfm,2024-03-25 18:51:28,Sal1478,2,0,[question] places to alter bracelets in London?
576,1bnlenk,2024-03-25 18:46:22,snowarc,7,1,[Question] or any recommendations
577,1bnldin,2024-03-25 18:45:06,DeweyCheatem-n-Howe,3,1,[Omega] Beautiful 1943 Omega hand-wind 2179
578,1bnlbir,2024-03-25 18:42:50,wubbalubbabubba3,2,0,[Omega Aqua terra] First Watch After College?
579,1bnl609,2024-03-25 18:36:49,aguafria2009,4,0,Watch identification help
580,1bnl4z2,2024-03-25 18:35:36,Soft-Lock928,2,0,Help identify
581,1bnl2tf,2024-03-25 18:33:11,aarontbarratt,40,304,[Timex] Marlin Moon Phase - My first watch
582,1bnl0lo,2024-03-25 18:30:50,AssistOrdinary1582,9,0,Can you help me identify this (updated with extra pics)
583,1bnkxoc,2024-03-25 18:27:38,uhnish,8,21,[Timex x NN.07] my first timex and full steel watch
584,1bnklci,2024-03-25 18:13:58,Specialist-Bad9779,1,14,"[G-Shock] One for Work, One for Play"
585,1bnkgg6,2024-03-25 18:08:34,indigo2109,9,0,Old Grandpa's watch. Never heard about this brand. Any info?
586,1bnk8ga,2024-03-25 17:59:53,Baykes408,3,1,Vintage Omega ID Request
587,1bnk82v,2024-03-25 17:59:27,Salad-Snek,4,0,Hi all
588,1bnjqzo,2024-03-25 17:40:30,IAmZKWatches,0,0,[Moonswatch] Mercury vs Holi
589,1bnjnky,2024-03-25 17:36:44,Sporin71,42,40,"[Islander Melville] New Islander GMT drops tomorrow, what do you think?"
590,1bnje1v,2024-03-25 17:26:29,Less-Berry1919,4,0,Hello guys can someone helo me identify this watch
591,1bnj6sc,2024-03-25 17:18:39,Dry-Friendship-5394,70,646,[3D Printing] Fun way to showcase some of my collection
592,1bnj1yt,2024-03-25 17:13:20,dhk2131,2,0,[ROLEX] Polishing White Gold Fluted Bezel
593,1bniwtm,2024-03-25 17:07:41,Islander14,68,415,[GSHOCK] Cristiano Ronaldo wears a GSHOCK (with a twist)
594,1bni78d,2024-03-25 16:38:51,Nervedful,31,501,[Tissot Gentleman] A gift I bought for myself after getting my Master‚Äôs Degree
595,1bni78c,2024-03-25 16:38:51,OmegaCatfish,7,7,[question] which color Doxa sub 300 did Jacques Cousteau wear
596,1bnhymv,2024-03-25 16:29:23,Shoddy-Pause145,19,0,Can someone tell me what this is if it‚Äôs any good took it to a pawn shop couldn‚Äôt identify it ?????
597,1bnhwjw,2024-03-25 16:27:04,SystemHodler,6,4,[My collection] it aint much but i love it
598,1bnhr3m,2024-03-25 16:20:41,HesJustALittleBoy,5,1,[Question] Seeking recommendations for a group birthday gift for a best friend
599,1bnh6ik,2024-03-25 15:57:09,Flynnr3,9,39,[3 Watch Rotation] My current rotation!
600,1bnh0bf,2024-03-25 15:49:57,Impossible_Case_7712,0,1,Anyone recognise this watch or the brand? P.s the black leather band didn't come with the watch
601,1bngplz,2024-03-25 15:37:47,Pintikoff,65,398,can someone help me to identify this watch
602,1bngj54,2024-03-25 15:30:22,shootingcharlie8,16,0,[Recommendation Request] Which watch for my first day at new job?
603,1bngi84,2024-03-25 15:29:19,Virtual-Stretch7231,0,6,[Wenger 7047X] Celebrating 10 years with my first watch.
604,1bngftd,2024-03-25 15:26:32,YasliBebek,4,3,[Tudor 1926 41mm] fitting. Does it fit to my wrist well?
605,1bng9kj,2024-03-25 15:19:26,Thelakesman,2,0,[Zenith Defy]
606,1bng620,2024-03-25 15:15:23,lollipoopz,5,0,"[Identify} Watch from YouTube Video, Video Link in the comments."
607,1bnfpnx,2024-03-25 14:56:51,Tricky_Engineer_5093,13,0,[Recommendation Request] Suggest Best luxury watches under $500
608,1bnfltl,2024-03-25 14:52:16,Rude_Boy_15,4,0,"Sorry for the bad picture, but can someone help identify this watch and give it a possible value?"
609,1bnffd7,2024-03-25 14:44:19,voljinpowah,2,10,[Oris] changed the bezel on d65 momo
610,1bnfc1s,2024-03-25 14:40:23,Vulpix9tales,5,1,[Recommendation Request] Partner's First Formal Watch
611,1bnf7q3,2024-03-25 14:35:19,DCLexiLou,0,2,[SEIKO] Seiko Criteria SPC169P1 7T04 Quartz Racing Chronograph
612,1bnf1e7,2024-03-25 14:27:55,I-have-big-eyebrows,10,0,Can anyone help identify this watch please?
613,1bnex9n,2024-03-25 14:23:00,spagggett,34,2,[Recommendation Request] Ideas for Boyfriend
614,1bneqwi,2024-03-25 14:15:28,somethingred,19,49,[King Seiko] Picked up a honeymoon gift for myself while in Japan!
615,1bned5o,2024-03-25 13:59:45,klim18xxt,9,16,[Stowa] I bought my first hand wound watch!
616,1bnebi2,2024-03-25 13:57:44,Confident-Gift4935,3,6,[SOTC] My collection....for now
617,1bneb4u,2024-03-25 13:57:19,subgraphics,0,0,[Yema Superman Mysterious Blue Auto] Good morning out there! üåû
618,1bne9mv,2024-03-25 13:55:34,UnhappySwim5005,8,0,[Question] can watchmaker know water go in just opening caseback ?
619,1bne2mn,2024-03-25 13:46:48,TheBoldCook,1,14,[Casio A700] .....my 2nd casio this week....i gotta stop here!
620,1bndzam,2024-03-25 13:42:48,Old-Homework4184,2,0,Must de cartier tank vermail
621,1bndy1w,2024-03-25 13:41:21,co-medi,4,0,[Question] Is it bad to wear a watch with the diver extension half-way open all the time?
622,1bndy1v,2024-03-25 13:41:20,thicmilkybeno,0,0,[DISCUSSION] Would this watch work
623,1bndkxv,2024-03-25 13:24:30,AdvCollectibles,1,19,[Marathon] Rare dual-branded mil-spec Marathon
624,1bndjbs,2024-03-25 13:22:23,dreftzg,9,84,[Daily News] Citizen Introduces Trio Of Solar Powered Promaster Ana-Digi Watches; Union Glash√ºtte Gives Belisar Chrono New Look; Mr Jones Uses Yellow And Pink Gold For XL Ricochet; New From Genus And Lederer
625,1bndcs0,2024-03-25 13:13:49,SleepyAviator,4,0,[Question] Is it a Rolex Sub-mariner or Rolex Submarine-r?
626,1bndagj,2024-03-25 13:10:52,workerdrones,2,0,What sort of pocket watch is this?
627,1bnd1o5,2024-03-25 13:00:09,MembershipRelative68,6,0,Hello everyone just got gifted this watch can anyone tell me something about it?
628,1bncm0k,2024-03-25 12:38:29,Vegetable_Two4725,5,0,A strange opportunity
629,1bncajm,2024-03-25 12:22:17,C6Centenial,3,9,[SOTC] For now‚Ä¶
630,1bnb4a0,2024-03-25 11:17:08,Honest-Ad7230,3,0,Rado watch
631,1bnb38c,2024-03-25 11:15:23,matts321213,6,0,[Rolex Lady-Datejust] how much are papers worth ?
632,1bnb1bd,2024-03-25 11:12:23,Perfect-Ad2598,22,11,[Question] New Citizen Running Fast?
633,1bnai09,2024-03-25 10:40:25,hansi420s,2,0,[Question] Clean Watch
634,1bnafbc,2024-03-25 10:35:42,yuiop19,5,65,[Seiko SPB411] A gorgeous Navigator Timer re-issue.
635,1bn9vlj,2024-03-25 10:00:55,AutoModerator,118,2,[Semi-Weekly Inquirer] Simple Questions and Recommendations Thread
636,1bn9tjl,2024-03-25 09:57:08,robi1138,2,18,[M√ºhle Glash√ºtte]
637,1bn9mqo,2024-03-25 09:43:58,Xplosionss,173,251,[Discussion] Alpinist vs khaki field
638,1bn9lwl,2024-03-25 09:42:15,newuser1958,6,27,[Collection] My humble collection + future plans
639,1bn9kdd,2024-03-25 09:39:23,Iwilldeletethissoon9,26,0,[Question] How bad is that scratch and how to deal with it?
640,1bn9dfo,2024-03-25 09:25:27,PowerPuffPendejos,4,0,I need help identifying the movement on my late80s/early90s Vostok cadet.
641,1bn93cy,2024-03-25 09:04:55,ashutoshdeendayal,12,29,[SOTC] Current collection and future thoughts
642,1bn928d,2024-03-25 09:02:30,Shoddy_Expression_98,1,0,Smartwatches in Shahrukhkhan Jawan and pathan
643,1bn91sm,2024-03-25 09:01:46,Free_Possibility_704,5,3,[Tissot] I brought myself a present 
644,1bn8u74,2024-03-25 08:46:43,WeToteHeaters,520,694,[WOTD] Invicta Bolt Zeus Magnum
645,1bn8lox,2024-03-25 08:29:48,mandarin80,0,0,[Certina DS diver] .wS sign
646,1bn844p,2024-03-25 07:53:35,Longjumping_Date_912,1,0,[identify] Woman‚Äôs Bulova wondering what year or more info on it.
647,1bn7odo,2024-03-25 07:21:03,luccifferr71,1,0,[Tag Heuer] About Tag Heuer Aquaracer WAY101A.BA0746
648,1bn7kce,2024-03-25 07:13:05,samuraijack8128,1,0,Can someone identify this watch
649,1bn7jts,2024-03-25 07:12:07,trollgaming173,6,0,[question] watch link removal
650,1bn7a73,2024-03-25 06:53:25,ChemistNervous2606,1,0,[OTSUKA LOTEC] refund 
651,1bn70sp,2024-03-25 06:34:41,P_Vicius,5,9,[Sotc]
652,1bn70dz,2024-03-25 06:33:50,ZekeHansell,2,5,[Relic by Fossil] with a nato strap
653,1bn6jsk,2024-03-25 06:02:07,AutoModerator,13,3,"[Wrist Check] Official Wrist Check Thread for March 25, 2024"
654,1bn6gad,2024-03-25 05:55:44,Blujaybop,5,2,[Thoughts?] Thoughts on the Glycine Combat Sub?
655,1bn6fl6,2024-03-25 05:54:21,According_Coat2168,39,42,[Help] JLC Reverso or Cartier Santos / Panthere
656,1bn5itp,2024-03-25 04:55:17,MartinSimpson21,1,4,"[Citizen Eagle 7] I got this beautiful watch today, I don't really know how old it is, but it looks amazing and works perfectly fine, I also love the vintage looks of it"
657,1bn52pq,2024-03-25 04:29:07,Antdeo99,8,0,Can anyone help on finding the model name?
658,1bn4yhm,2024-03-25 04:22:22,WatchIngYouTime,6,2,"[Question] Watch bracelet tiny bit large, can't remove anymore links/don't have micro adjustments?"
659,1bn417x,2024-03-25 03:31:52,wardjr193,14,10,[Seiko] Be honest‚Ä¶ how does this bracelet look?
660,1bn3zu5,2024-03-25 03:29:52,Weissf30,0,12,[Omega 2531.80 Seamaster Professional]
661,1bn3io0,2024-03-25 03:04:52,gameking514,21,0,[Help] Are $100 dollar watches any good
662,1bn37un,2024-03-25 02:49:44,DadBodds,8,0,[Tag Heuer] 
663,1bn2yh7,2024-03-25 02:36:36,DonReconquista,11,59,[Longines Dolcevita] My first luxury watch!
664,1bn2dzg,2024-03-25 02:08:20,Accomplished-Wave860,10,3,[Help] Looking for the 3rd watch to my collection
665,1bn2cjs,2024-03-25 02:06:20,Great_Significance_8,56,150,"Got it as a gift from my grandmother, it was my grandfathers waaayy back in the day. What is it?"
666,1bn249e,2024-03-25 01:55:15,hm_modder,4,15,[Bulova Lunar Pilot] 96B251
667,1bn1ulg,2024-03-25 01:42:14,Melodic-Scheme6973,4,95,[Timex] vintage 1978 Marlin
668,1bn1lkp,2024-03-25 01:30:23,NewUser1ABC,5,0,[Tissot Powermatic 80] - Wear it just once a Month
669,1bn1jzl,2024-03-25 01:28:22,TheWatchExchanger,66,133,"[Cartier Tank] have almost exclusively daily worn a 42 mm diving watch since I first got into watches, honest opinions is this Cartier really appropriate for my wrist size?"
670,1bn1i7h,2024-03-25 01:26:04,thisaintajoke,1,0,[Help] Analog Version of Digital Watch Design
671,1bn1g5r,2024-03-25 01:23:24,Available_Bit_9184,20,1,[Recomendation] $300 watch.
672,1bn15lz,2024-03-25 01:09:34,dante_06,5,1,[Help] im confused
673,1bn113j,2024-03-25 01:03:34,Spyrothedragon9972,3,1,[Discussion] What are your favorite Timex models?
674,1bn0rb1,2024-03-25 00:50:52,Dizzy-Stomach4166,2,6,Trying to ID model
675,1bn0qw9,2024-03-25 00:50:21,farrukh2102,2,0,Case required for new Winegartens London EC2 build
676,1bn0po0,2024-03-25 00:48:49,AmbitiousAside3564,0,1,[Timex] New Marlin Jet strap options
677,1bn0004,2024-03-25 00:16:14,Dartholit,85,335,[Tudor] I‚Äôll let you guess why I got this watch :).
678,1bmzr5t,2024-03-25 00:05:15,AllThatJazz___,2,1,[Seiko SNKL50 K1] - Anyone know where I could source this watch?
679,1bmze7d,2024-03-24 23:49:38,bcfcheng,4,1,[speedmaster]AD mistake
680,1bmz9qe,2024-03-24 23:44:13,Qbey215,3,46,[Grand Seiko] SBGA413 Decided to treat myself
681,1bmz3gf,2024-03-24 23:36:47,Dill_Thickle,56,98,[Citizen Vs. Grand Seiko] Help me choose and make a purchase
682,1bmyrqg,2024-03-24 23:22:58,No-Link9669,21,0,[Question] is this a ‚Äúnice‚Äù watch?
683,1bmyip2,2024-03-24 23:12:27,TaskAlert2072,2,1,[DISCUSSION] Elgin Pocket Watch: Cool facts? Cost?
684,1bmy5ub,2024-03-24 22:57:40,Expensive-Square8595,2,0,What watch is this ?
685,1bmy4zn,2024-03-24 22:56:38,Reddi__Tor,6,1,[Jomashop] Order was declined but not because of my bank.
686,1bmy41w,2024-03-24 22:55:29,420goonsquad420,18,8,[Help] my Timex Expedition Scout stopped keeping time - recommend my next watch (more in comments)
687,1bmy40r,2024-03-24 22:55:26,Release-Historical,25,2,[Question] Any burgundy/red dial watch recommendations?
688,1bmxtnn,2024-03-24 22:43:12,AdOutside7227,1,5,[Bulova]  Decade's Charm: Beyond Time's Curve BULOVA 1930's
689,1bmxkj8,2024-03-24 22:32:27,justcallmechuckles,6,1,[Lecomte] How does one go about acquiring one of these timepieces?
690,1bmxigy,2024-03-24 22:30:13,axilium-,7,0,"Need your help to find this watch, guys!"
691,1bmxew2,2024-03-24 22:26:13,outstandingdawg,3,2,[Question] Microadjustment springbar is stuck
692,1bmxbov,2024-03-24 22:22:34,amansahil,12,39,[SOTC] Quartz Supremacy
693,1bmww2g,2024-03-24 22:04:24,RedditAppSucksDong,10,1,[Question] Watches like Lorrier Falcon with sapphire crystal
694,1bmwlj5,2024-03-24 21:52:29,chill677,21,89,[Random watch display at Melbourne F1 GP]
695,1bmwkhj,2024-03-24 21:51:17,jtset,1,0,[Identify] Chef Thomas Keller is wearing this watch in his second MasterClass
696,1bmwjd1,2024-03-24 21:50:00,spacepie77,1,5,[Nivada] Bruh dat shiz‚Äô Zaratsu
697,1bmw97q,2024-03-24 21:38:07,RabMcHuggett,2,3,[Omega] trying to track down a family heirloom 
698,1bmvux3,2024-03-24 21:21:41,FlatbedSteven21,3,1,[Suggestions] Which gold ladies watch should I gift my wife?
699,1bmvs3s,2024-03-24 21:18:35,kbb-bbk,4,32,[Montblanc] His/Hers: Boh√®me Day & Night + Star Legacy LE
700,1bmvryb,2024-03-24 21:18:24,speedysloth0321,22,5,[Help] Can‚Äôt decide
701,1bmvoht,2024-03-24 21:14:39,ReichSimon,2,1,Which ones are these?
702,1bmvo8q,2024-03-24 21:14:20,Rick90069,8,13,Oldish Seiko but which? 
703,1bmvmgx,2024-03-24 21:12:22,Unusual_Ad_638,4,3,[question] what battery size is this?
704,1bmvjx2,2024-03-24 21:09:28,DJSallyBear,2,15,[NATO] Orient on NATO strap
705,1bmvhdt,2024-03-24 21:06:31,neptunepic,5,2,[LeCoultre Memovox] Repair needed
706,1bmvf2u,2024-03-24 21:03:55,BigStew92,121,98,[ Best Microbrand ? ] Vaer watches
707,1bmv9id,2024-03-24 20:57:47,Fatevilmonkey,3,11,[SOTC] Slow and Steady
708,1bmv6k5,2024-03-24 20:54:11,revraymer250,1,4,[JLC] Back From Service
709,1bmv3of,2024-03-24 20:50:50,clearancedude,6,0,[Can i get some help] put these on my ebay and i have been getting offers like made but not sure for which one 
710,1bmuyj7,2024-03-24 20:45:05,timurcin,41,113,[Collection] one year of collecting.
711,1bmuy3v,2024-03-24 20:44:33,itsperfectlysplendid,1,1,"[Veto Trench Watch] Antique Silver, Possibly an Important Transition Piece From Pocket to Wrist!"
712,1bmuoh4,2024-03-24 20:33:25,norcalnatv,4,0,Charles LeClerc's watch from Australian F1 race today - Can anyone identify? Perhaps a Richard Mille model since they are a Ferrari sponsor . . .?
713,1bmuiel,2024-03-24 20:26:17,THE_W1Z4RD,1,5,[Portex] Paired My Vintage Diver with a Patek Aquanaut Strap - what do you think?
714,1bmuefl,2024-03-24 20:21:26,HotlineBirdman,6,11,[Tudor] Trap Shooting with the Tudor P39
715,1bmudel,2024-03-24 20:20:18,kingersss,1,2,[SOTC] How much does it cost?
716,1bmuccg,2024-03-24 20:19:06,Ok-Sail6994,2,6,[Hamilton] Khaki Aviation Converter Automatic; can be used as an adventure watch?
717,1bmu0px,2024-03-24 20:05:54,RAGGERDEPORTUGAL,9,0,does anyone know where to buy similar parts to this?
718,1bmtyq4,2024-03-24 20:03:38,zpxa,3,0,Can anyone help me identify this watch? Cant find it online and im curious about its worth anything.
719,1bmtxvi,2024-03-24 20:02:41,callmeundecided,0,0,[Question] Is it possible to find NATO bands that are Oeko Tex certified?
720,1bmtx2c,2024-03-24 20:01:49,Severe-Fennel-202,0,1,[Help Decide] which route to take 
721,1bmtuay,2024-03-24 19:58:57,Markhor1988,0,11,[Rolex] I don‚Äôt have an addiction‚Ä¶
722,1bmtkeo,2024-03-24 19:47:38,Diggy_Smalls28,0,1,[Question] How many links on the BB58 bracelet?
723,1bmth3g,2024-03-24 19:43:50,riverbank_agate3,13,1,[Inquiry] When will I be able to either buy or pre-order the Nausica√§ of the Valley of the Wind Seiko watch? I don't see any options on the official seiko site.
724,1bmtged,2024-03-24 19:42:59,parasyticmonkey,2,0,[Jean Paul] Quarts watch 
725,1bmt8c0,2024-03-24 19:33:48,barringtonww,89,407,[News] Schumacher Family Reveals Rare Watch Collection for Auction
726,1bmt6iq,2024-03-24 19:31:40,EhiteSnail,2,0,"Don't know much about Seikos, but I saw this beautiful Seiko at the store, and they wanted ~850$ for it. Can someone help me identify it, so I can look for it online? Thanks! :)"
727,1bmt3xc,2024-03-24 19:28:53,wisenheimer51,6,0,[Farer Resolute II] How reliable / sturdy it is in the long term?
728,1bmt30p,2024-03-24 19:27:52,cdnsalix,1,3,Zenith Watch
729,1bmt2df,2024-03-24 19:27:09,Brewman88,1,1,[Dad] surprised me with this awesome OG Nimrada Grenchen
730,1bmszii,2024-03-24 19:24:01,No-Reputation-3475,7,0,Can anyone help me identify what this is? Found it in my late Grandfathers closet
731,1bmsupk,2024-03-24 19:18:40,luccifferr71,4,0,[Question] Do I have to pay taxes / import duties on my new watch ? 
732,1bmsf5c,2024-03-24 19:01:02,Lubina1802,2,15,[SOTC] Affordable her&his
733,1bmsbwc,2024-03-24 18:57:28,Flyroth,0,1,I‚Äôve found this bulova watch on market place
734,1bms6od,2024-03-24 18:51:20,CrispyJukes,6,1,[Question] Does this happen to anybody else? 
735,1bms6do,2024-03-24 18:51:00,captainrt,3,7,[SOTC] An Eclectic Mix: From Heirlooms to Fliegers and G-Shocks
736,1bmrtrv,2024-03-24 18:36:37,Sparkfire777,10,2,[Help] Sunrise/Sunset
737,1bmrp0z,2024-03-24 18:31:13,Temrim,4,0,What are those watches?
738,1bmrnja,2024-03-24 18:29:32,SlideCompetitive5529,0,1,Could you help??
739,1bmrgft,2024-03-24 18:21:08,fido4life,6,4,[Blonie T-2077] How to remove stain from titanium?
740,1bmr9bl,2024-03-24 18:12:45,TakingYourAdvice,2,1,[Question - Seiko Presage Ladies Cocktail Times] Older versions still produced?
741,1bmr3x1,2024-03-24 18:06:23,octopus-burger,7,4,[Recommendation Request] 38mm Diver
742,1bmr0oe,2024-03-24 18:02:32,ZeroRationale,2,1,"[Help] Seiko SPB275J1, Seiko SPB395J1, Orient RE-AY0121A MP Lake Tazawa, or Orient RK-BY0002A Aurora"
743,1bmqodb,2024-03-24 17:47:58,Busy_Manufacturer_76,0,1,Can someone identify this watch?
744,1bmqguw,2024-03-24 17:39:08,Klutzy-Check8977,97,403,[SOTC] Very Happy With How it Came Out! Suggestions?
745,1bmq1xb,2024-03-24 17:21:39,FuckMyLifee_,4,0,What watch is this (model and year would be appreciated)
746,1bmpzq9,2024-03-24 17:19:08,mt330404,47,276,Watch ID? Steve McQueen on the set of PAPILLION (1973)
747,1bmpoy3,2024-03-24 17:06:28,Emperador007,5,0,[ Sea-Gull ] - are they worth for their price? - 540USD
748,1bmpokc,2024-03-24 17:06:01,OGready,4,9,[Borel Cocktail]
749,1bmplef,2024-03-24 17:02:12,Brilliant_Worth9328,8,0,Identify my dads watch.
750,1bmpfpr,2024-03-24 16:55:42,SoftwarePale7485,19,0,How do I change the battery in this watch?
751,1bmpfg5,2024-03-24 16:55:24,Patrickbatemanx69,4,20,[Casio] 10 dollars spent wellüíô
752,1bmpf3o,2024-03-24 16:55:00,SoftwarePale7485,13,0,How do I change the battery in this watch?
753,1bmp0h4,2024-03-24 16:37:36,metalwrist,24,57,[SoTC] I have been on best behaviour and nothing has come in or gone out for almost a year. Going to have to scratch the itch soon!
754,1bmowwz,2024-03-24 16:33:25,NotAThrowaway620,1,9,"[SOTC] ""The only watch I'll Ever Need!"""
755,1bmojaz,2024-03-24 16:17:03,Legitimate_Ant990,19,3,[Question] - Best First Watch for 29F - Need Advice!
756,1bmoj3n,2024-03-24 16:16:47,tauraso3,13,121,[SOTC] My trio
757,1bmo686,2024-03-24 16:01:24,t007godinho13,7,0,[Question] Didn‚Äôt some soldier in ww2 and Vietnam wear their watch on their chest 
758,1bmo62b,2024-03-24 16:01:13,AudaciousCo,4,123,[Seiko] Textured ‚ùÑÔ∏è Alpinist
759,1bmnzid,2024-03-24 15:53:30,mgMKV,1,13,"[SOTC] My ""budget"" 7 watch collection, 2-3 years in. Content for now!"
760,1bmnws5,2024-03-24 15:50:19,mad_mikes_creations,4,2,[HELLAS] does anybody know anything about this brand?
761,1bmnw79,2024-03-24 15:49:37,bpmillet,0,23,[Hamilton Intra-Auto Chronograph] on the wrist
762,1bmnrpv,2024-03-24 15:44:23,TwoAffectionate1549,4,0,[HELP] Watch stopping while wearing
763,1bmnrjp,2024-03-24 15:44:09,Responsible-Lead2243,1,2,"[Olevs] quite happy with my Olevs so far, pondering an upgrade to a Cronos or Sugess"
764,1bmnnmo,2024-03-24 15:39:36,thats0dd,1,8,[Tudor BB58] Happy Sunday!
765,1bmnalm,2024-03-24 15:23:55,Electronic-Umpire490,6,0,Girard perregaux watch
766,1bmn76h,2024-03-24 15:19:41,TauIsRC,132,223,[Help] Choosing a moonphase
767,1bmn5f6,2024-03-24 15:17:26,bsdk94,7,0,Which watch is this?
768,1bmmmno,2024-03-24 14:54:33,Shadowless-20,2,13,[Omega]
769,1bmmkzz,2024-03-24 14:52:32,5hif7y_x86,3,9,My grandfather watch
770,1bmmi2g,2024-03-24 14:49:10,SFGRoberts144,1,30,[Hamilton Jazzmaster Regulator] A very cool timepiece!
771,1bmmajl,2024-03-24 14:39:44,BongBong420x,3,1,[Mido Icone] Next Watch help!
772,1bmlx8h,2024-03-24 14:22:50,Altruistic-Tree-3318,21,21,Recent I got my grandfather watch. I was hopping to remove the stretch strap that on it with something nice. Was hoping to get some recommendations.
773,1bmlw34,2024-03-24 14:21:22,STmxx,1,0,[Seiko Alpinist] [Question]
774,1bmlnbu,2024-03-24 14:10:10,ses713,3,15,[SOTC] They don‚Äôt all fit
775,1bmlk4u,2024-03-24 14:06:03,kingersss,2,0,[SOTC] How much does it cost?
776,1bmlgis,2024-03-24 14:01:22,Launch83,22,45,[JLC Master Control Calendar] What‚Äôs the deal with this one?
777,1bmky0w,2024-03-24 13:37:14,foojlander,7,20,[Seiko 6206-8990 Weekdater] just picked up my second watch.
778,1bmkwmo,2024-03-24 13:35:16,kingersss,6,0,[Discussion] How much does it worth?
779,1bmkhou,2024-03-24 13:15:04,siliencxdsg,4,1,[Question] Lady Watches around $500
780,1bmkb7v,2024-03-24 13:06:19,Expensive-Win-4113,5,0,"Hello, I have a certina watch but don‚Äôt know anything about it."
781,1bmk6xj,2024-03-24 13:00:39,The-Macf,7,1,"[Omega, Rolex, ???] Nice Watch for Promotion. "
782,1bmk3sy,2024-03-24 12:56:02,Working-Excitement69,4,2,Tag Heuer info
783,1bmk01e,2024-03-24 12:50:21,Thelakesman,4,1,[chronometers]
784,1bmjziz,2024-03-24 12:49:37,chief_ofthewatch,0,1,[Panerai Luminor Marina]
785,1bmjyql,2024-03-24 12:48:24,Due_Top_8248,3,4,[Vostok] Any info about this watch?
786,1bmjq31,2024-03-24 12:35:34,Impossible_Note5761,19,125,[SOTC] Beginner collection here.
787,1bmjek9,2024-03-24 12:17:31,pierogi_juice,6,51,[DOXA] My great grandfathers pocket watch- that was gifted to him as director of a Coal Mine in the USSR for 25 years.
788,1bmj57k,2024-03-24 12:02:29,ptitgugus,99,631,[1 Year] My collection after almost one year
789,1bmj1a7,2024-03-24 11:56:24,singulardarkmatter,6,0,Can anyone identify this piece??
790,1bmiwjk,2024-03-24 11:48:17,NaPaX9,6,0,Does anyone know reference number?
791,1bmisbr,2024-03-24 11:41:22,EnoughAvocado611,9,16,"[SOTC] Think I'm ""done"""
792,1bmiqgb,2024-03-24 11:38:08,andy123mol,3,1,[Question] Vulcain Watches Info
793,1bmifvb,2024-03-24 11:20:21,AnimatorWorking,3,3,[identify]
794,1bmibns,2024-03-24 11:12:56,Foxtech-Dynamix,3,54,Gold wrist watch Recovered from the Titanic. 
795,1bmia26,2024-03-24 11:10:08,frlfl,1,1,Does anyone have some info about this watch?
796,1bmi3n6,2024-03-24 10:58:52,TheMadResistor,1,3,[Etna] Not finding anything about this model online.
797,1bmi0g4,2024-03-24 10:52:39,Necessary-Low5937,2,7,"[Ricoh] I purchased this old Ricoh, but..."
798,1bmhzol,2024-03-24 10:51:10,Due_Independence5583,6,13,[Hot Take] Solar Chronographs are Overlooked and awesome (Best Picks shown in photos)
799,1bmhih6,2024-03-24 10:18:52,Solanaik,3,11,"[Casio Edifice EFR-526D-1AVUEF] Just got my new Edifice, what do you think about it ?"
800,1bmhcqk,2024-03-24 10:08:14,bicyclecurry,62,216,Can someone identify this watch Jasmin Paris was wearing?
801,1bmglou,2024-03-24 09:16:51,No-Sandwich-984,4,0,Marina militare beautiful watch can't find it online PBJE is the serial number any idea on the value? #watches#timepieces#helpmefindthevalue
802,1bmgksp,2024-03-24 09:14:58,Huge_Ad_487,3,1,"[Omega Aqua Terra] Buying in Tokyo, Japan?"
803,1bmfp8s,2024-03-24 08:13:24,Bapofbread,84,142,[ difficulty choosing ]
804,1bmfp52,2024-03-24 08:13:10,Tosethresee,4,1,Help with identification please
805,1bmfad0,2024-03-24 07:44:54,Realistic-Bed8140,0,1,[Laarvee x Mad] collab
806,1bmeoyc,2024-03-24 07:04:24,ligmafeetxd,2,0,What ripcurl watch is this??
807,1bmeo2t,2024-03-24 07:02:49,SmartLittleBrother,2,0,[Cartier]
808,1bmemng,2024-03-24 07:00:35,Sky_Dweller206,18,1,[Question] What watch would you recommend with a $3000 usd budget in Japan?
809,1bmed2x,2024-03-24 06:43:02,billyinthesix,6,21,[Zeppelin] Some love for the Zeppelin LZ129 Hindenburg
810,1bme2fn,2024-03-24 06:22:44,Sensitive-Tear6800,4,1,"[SOTR & Request for input] First post, State of the Rotation"
811,1bmdy2h,2024-03-24 06:14:53,Routine_Onion38,4,4,üï∞Ô∏è Help Identifying Vintage RAKETA Watch: Red Dial with White Horse üêé
812,1bmdrbb,2024-03-24 06:02:07,AutoModerator,5,5,"[Wrist Check] Official Wrist Check Thread for March 24, 2024"
813,1bmdmlk,2024-03-24 05:53:42,superchillguy2,9,101,[Grand Seiko Shunbun] First proper watch
814,1bmdc1e,2024-03-24 05:34:16,Zeratul277,1,2,[Repair] Lubcricate push crown?
815,1bmcuja,2024-03-24 05:03:12,Shopping-Sorry,23,211,Lenny Kravitz wearing a JLC Reverso
816,1bmcj81,2024-03-24 04:44:16,toxic_x18,7,0,Can anyone ID this watch Cody Rhodes is wearing?
817,1bmce9l,2024-03-24 04:36:05,Enough_Machine1113,16,0,[Question] The best looking dial on a GADA?
818,1bmc8cv,2024-03-24 04:26:47,Valuable-Job7554,14,36,[SOTC] What do you think of my very budget SOTC?
819,1bmbrnv,2024-03-24 04:01:07,PerspectiveWide,0,1,[Advice] Kobold Seal Alternative 
820,1bmbeqc,2024-03-24 03:41:25,Turbulent_Gear6225,2,5,[identify] this ~20 year old Hublot
821,1bmavki,2024-03-24 03:12:38,whatkylewhat,1,1,[question] Bracelet Compatibility
822,1bmav2p,2024-03-24 03:11:54,Top_Chef_6359,0,2,[DW-5025B] 25th anniversary
823,1bmaqsd,2024-03-24 03:05:27,salmonella_slapper,32,0,Should I pick these up for $150
824,1bma7r0,2024-03-24 02:37:53,tmatana,1,2,[MatheyTissot Edmond Chronograph Automatic] hands turning counter clockwise
825,1bm9vlf,2024-03-24 02:20:19,North-Put-2201,5,2,Can anyone identify what watch it‚Äôs axl Wearing?
826,1bm9uma,2024-03-24 02:18:53,Brewman88,8,2,What watch is this the former king of Nepal is wearing?
827,1bm8to4,2024-03-24 01:27:39,CoffeeAndPistachios,3,0,I was gifted this watch and I know nothing about it or pocket watches. Please help me understand what these markings are and if possible some of it's probable history
828,1bm8quq,2024-03-24 01:23:39,projekt_h,6,22,[Breitling] Aerospace B70 Orbiter
829,1bm8kvs,2024-03-24 01:15:22,Same-Image-2534,2,5,[Timex Falcon Eye] where to buy new glass/sapphire
830,1bm8jfv,2024-03-24 01:13:21,MaximusFSU,1,3,[Tudor] Pelagos in its natural habitat
831,1bm8ba0,2024-03-24 01:02:35,Historical-Box-4420,21,107,[Chanel] an underrated diver!
832,1bm843r,2024-03-24 00:53:15,Daedaly,8,60,[Bulova] My Lunar Pilotüòç
833,1bm7h4z,2024-03-24 00:23:21,Itchy-Wafer2510,7,1,[Question] Best diver chronos?
834,1bm74vk,2024-03-24 00:07:27,Reasonable_Opinion22,13,0,[Question] First luxury watch for ~20k
835,1bm73jw,2024-03-24 00:05:46,enlightenmerightnow,4,3,[NN07 X Timex Expedition] Anybody have this or have a review/information on this watch - Is it a good buy? 
836,1bm6rdk,2024-03-23 23:50:53,awoitte,3,0,Assistance With Identifying Replacement Battery (Capacitor) For Seiko Kinetik Watch [720902 5m62-0bj0 A4]
837,1bm6m0d,2024-03-23 23:44:20,Unhinged_Taco,23,1,[field watches]
838,1bm6j3u,2024-03-23 23:40:41,shadow_nipple,8,0,[discussion] what does a tudor blackbay do BETTER than a submariner?
839,1bm6djo,2024-03-23 23:33:40,mrkrizzy,11,38,[Omega x Swatch]
840,1bm6a8z,2024-03-23 23:29:41,kpzord,2,1,[Question] Help with sub dials
841,1bm61fx,2024-03-23 23:18:36,Creepy-Run6271,1,0,Old watch? Anyone know much about it?
842,1bm5qqk,2024-03-23 23:05:50,DemiChann,5,0,[Question] 
843,1bm5ns4,2024-03-23 23:02:15,i_gotchu_822,2,7,[Automatic Tissot PRX vs. Manual 1966 Omega] Choose your fighter
844,1bm53y3,2024-03-23 22:38:27,gunzrcool,8,40,[DIY] I drilled a couple extra micro-adjust holes in my Hamilton Khaki Field Auto clasp - needs to come from the factory like this!
845,1bm531l,2024-03-23 22:37:15,Spare_Bandicoot988,12,2,Please help me identify a watch
846,1bm4z77,2024-03-23 22:32:34,designbg,0,1,[discussion] what is your favorite font or style of applied numerals/indices?
847,1bm4uc2,2024-03-23 22:26:38,Psychology_Spirited,1,0,Does anybody know this?
848,1bm4sn1,2024-03-23 22:24:32,Atlas_Armory,3,1,[Luminox 3950] fogging issues
849,1bm4rz6,2024-03-23 22:23:44,000066,9,21,[Traska Freediver] Traska Service Update/Story
850,1bm4p4i,2024-03-23 22:20:23,LocalTennisPlayers,3,0,Can anyone help me identify this Omega watch?
851,1bm4lqm,2024-03-23 22:16:17,Wanamony,6,0,What is this kind of watch called? 
852,1bm4adw,2024-03-23 22:02:49,Straight-Monk-1550,5,0,Mystery Quartz Watch
853,1bm45lg,2024-03-23 21:57:27,darthgates,7,0,Omega
854,1bm45lb,2024-03-23 21:57:27,darthgates,4,0,Omega
855,1bm45l8,2024-03-23 21:57:27,darthgates,1,0,Omega
856,1bm42lj,2024-03-23 21:53:57,Electrical-War4331,6,1,[Recommendation Request] Reliable Analog Watch
857,1bm3xuw,2024-03-23 21:48:23,OS_Jytz,2,13,[Deep Blue] First Tritium Watch
858,1bm3vvl,2024-03-23 21:45:57,Dreamzet,2,1,What kind of seiko is this?
859,1bm2rld,2024-03-23 20:59:00,Luktaz,1,1,[Question] Moon phase adjustment
860,1bm2psa,2024-03-23 20:56:53,Vlaadsa,4,2,[Question] Automatic watch with power reserve indicator < 500$
861,1bm2kvm,2024-03-23 20:51:08,let_this_be_valid,21,3,[Discussion] What watch are you looking for?
862,1bm2jyz,2024-03-23 20:50:06,spacewrangler69,2,23,[Seiko] Alpinist getting me through false spring
863,1bm280i,2024-03-23 20:35:53,Inner_Distance_148,2,0,Can someone tell me what watch this is and how much it costs?
864,1bm20q6,2024-03-23 20:27:34,AlejoSnchez,2,0,[Question]What should I buy with 300usd
865,1bm1yfg,2024-03-23 20:24:57,whoodatder,13,3,[Breitling] vs [Tudor]
866,1bm1sh8,2024-03-23 20:18:05,gucciglockbandit,2,14,[Citizen] Blue Angels Chrono
867,1bm1ngh,2024-03-23 20:12:27,Salty_Leaf,3,3,[Question] about spring bars
868,1bm1f6w,2024-03-23 20:03:04,Degos_diktator,13,103,[SOTC] My watch collection :)
869,1bm1enx,2024-03-23 20:02:28,Creatingbeauty3,2,0,Identify: Vintage ladies Omega
870,1bm1c2m,2024-03-23 19:59:49,Dependent_Whole_7046,3,0,[IDENTIFY] Help identifying this watch
871,1bm18tp,2024-03-23 19:55:55,GamerFortnite992,2,0,[Identify] Can anybody help me recognize this watch please?
872,1bm12eg,2024-03-23 19:48:33,DeweyCheatem-n-Howe,17,0,[SOTC] How's my collection and how much of a problem do I have?
873,1bm0slh,2024-03-23 19:37:15,Sea_Sector311,5,21,[Discussion] I made a website that analyzes Rolex sales data from eBay and gives price history and average sale prices across models. I'd love to hear your feedback!
874,1bm0r7d,2024-03-23 19:35:42,Dazzling-Abrocoma255,9,12,[Must de Cartier]
875,1bm0mib,2024-03-23 19:30:22,MasterOfRajanomics,2,7,[SOTC] After 3 years of getting truly into the hobby
876,1bm01k7,2024-03-23 19:06:17,TheHeftyAccountant,12,65,[GP] 38
877,1blzyhu,2024-03-23 19:02:55,chekraze90,7,1,[I‚Äôd really like to buy this watch but the strap is a little long. Bad idea to try and trim it?]
878,1blzx8c,2024-03-23 19:01:31,Ginky_Hackle,0,0,Identify this watch?
879,1blzu97,2024-03-23 18:58:14,plumskinzzzz,1,1,[Recommendation Request] Timex Easy Reader wearer
880,1blztmf,2024-03-23 18:57:28,shag808,19,0,[Serica] Opinions?
881,1blzdgd,2024-03-23 18:38:41,PurplePersonal8821,8,1,[question]
882,1blza3m,2024-03-23 18:34:43,enigmaknown,1,0,Grandads Tissot 1853
883,1blz6wo,2024-03-23 18:31:08,MysteriousSpinach245,9,0,[Recommend] Which of the two would you pick?
884,1blyu9w,2024-03-23 18:16:28,Repulsive-Education3,2,7,[Omega or Longines]
885,1bly4rx,2024-03-23 17:46:30,Nec_Aspera_Terrent,2,2,[MB&F] A Couple of Machines
886,1bly2nx,2024-03-23 17:44:06,Enough_Machine1113,8,0,[Question] What else is important in a GADA / everyday watch?
887,1blxzmd,2024-03-23 17:40:28,meliaant,3,21,[SOTC] My two watch collection
888,1blxpil,2024-03-23 17:28:59,deathsand12,3,0,Unknown watch brand identification.
889,1blxojf,2024-03-23 17:27:50,FuckFaceLee,11,148,[Citizen] Picked up an early birthday present in the airport
890,1blxoce,2024-03-23 17:27:35,Orange1027,1,10,"[Seiko, Orient, Citizen] Japanese Dive Watch Trio. "
891,1blxebf,2024-03-23 17:15:44,Plankton-Dry,3,0,Tried to find some info online
892,1blxd7p,2024-03-23 17:14:20,Thelakesman,3,16,[Mido] watch
893,1blx3q2,2024-03-23 17:03:00,_Luftikus,12,85,[Longines]Planetarium 247-5197 with zodiac sign display and moon phase 150 years
894,1blwtos,2024-03-23 16:51:27,YNWA11JM,0,8,[Raymond Weil] happy weekend from the moon phase 
895,1blwcem,2024-03-23 16:31:10,KStrick40,2,0,What is this watch?
896,1blw3a0,2024-03-23 16:20:29,Inside_Tangerine7613,2,6,[SEIKO] 5 GMT -
897,1blw314,2024-03-23 16:20:14,Hypnot0ad,2,28,[Panerai Timex Casio] It seems the addiction is hereditary - my sons caught the watch bug!
898,1blw0s1,2024-03-23 16:17:33,DoddsyGB,1,0,Can anyone help me find out what watch I have here and any information on it?
899,1blvz9i,2024-03-23 16:15:44,Specialist-Bad9779,0,27,[Solar] My Solar Watches Soaking up the Sun ‚òÄÔ∏è 
900,1blvz7c,2024-03-23 16:15:39,Slenderkiller101,32,0,[Discussion] 30-Second Guide to Watch Brands - Popular Brands' Rankings
901,1blvxdf,2024-03-23 16:13:34,UkrainianSmoothie,9,0,What watch is Louis CK wearing?
902,1blvtqq,2024-03-23 16:09:23,EgyptianJohnson,35,230,[Santos] One Watch Collection
903,1blvl7y,2024-03-23 15:59:36,TwoGlassesOfMilkPls,48,117,[Question] New Christopher Ward?
904,1blvkkq,2024-03-23 15:58:48,ShirtDesperate1548,0,0,Identify Please?
905,1blv8sp,2024-03-23 15:45:08,TheSteelCowboy,2,1,[Nodus] Should I wait?
906,1blv7j4,2024-03-23 15:43:41,Icy_Negotiation_8277,5,37,[SOTC] My collection so far
907,1blv5sx,2024-03-23 15:41:40,Hugosh_-,3,0,[Longines Conquest] does it fit properly?
908,1bluuyx,2024-03-23 15:28:46,dethswatch,1,1,[zenith rainbow flyback] can the cosmetics be restored?
909,1blurap,2024-03-23 15:24:20,bspaulsen,2,15,[NOMOS] Tangente 38 - 50 Ans de M√©decins sans Fronti√®res
910,1blu3pm,2024-03-23 14:55:53,improvthismoment,27,0,[Discussion] Why Box & Papers with Used Watches?
911,1blu0ca,2024-03-23 14:51:33,remp73,11,18,[Sentimental Watches] Let me see yours.
912,1bltzzl,2024-03-23 14:51:06,Waffleman_99,2,5,[Discussion] Does anyone else visualize their dream SOTC?
913,1bltyyj,2024-03-23 14:49:54,Comfortable-Bug2133,10,0,Help identifying IWC Watch
914,1bltvql,2024-03-23 14:45:52,joeshmoe9898,3,0,[Question] Breguet service in the Northeast 
915,1bltva9,2024-03-23 14:45:20,Scotinho_do_Para,6,12,[Question] Diver (or other) with dark green bezel and grey dial.
916,1bltutv,2024-03-23 14:44:50,urnotmadeoftuesday,0,4,Inherited Elgin Watches
917,1blttgo,2024-03-23 14:43:05,Particular-Fox-9771,11,81,[Dornbl√ºth] Back to the Office
918,1blts6g,2024-03-23 14:41:33,lmboyer04,31,20,[Question] What are some recs for watches with highly legible white hands on black dials?
919,1blt7u8,2024-03-23 14:16:37,Zooberzaiyan,5,5,[hamilton]
920,1blstbo,2024-03-23 13:59:02,E-RaticArtist,72,778,[SOTC] My concise two watch collection.
921,1blsmb3,2024-03-23 13:49:46,Pkron17,3,1,"[Vulcain] I saw this beautiful 1950s Cricket in a vintage watch store. Assuming it has been well serviced and is in good working order, how much would a piece like this be trading for?"
922,1blsjo7,2024-03-23 13:46:10,Elnino43,358,2663,[SOTC] 10 years of collecting here is my vintage collection 
923,1blshqj,2024-03-23 13:43:40,AntonioTheLawyer,44,0,[Question] what are good ‚Äúvacation watches‚Äù?
924,1blsd9o,2024-03-23 13:37:44,ghostisic23,72,131,[Citizen 8 Series]
925,1bls7ae,2024-03-23 13:29:49,LDNshogunate,3,0,Can anyone help me identify
926,1blrx0o,2024-03-23 13:15:46,AudaciousCo,14,353,[Seiko] 1980's Seiko Regatta Yacht Timer
927,1blrw9f,2024-03-23 13:14:50,Due-Advertising-3371,1,0,can anyone help me find out what watch this is? i cant seem to find the exact one.
928,1blrqiw,2024-03-23 13:07:12,TheBoldCook,44,110,"[Casio A164] if you have never owned a digi casio, dont mock em!"
929,1blroyh,2024-03-23 13:05:08,DEWDEM,4,0,[Samsung] This is my only watch for now
930,1blrkjg,2024-03-23 12:59:25,Common_Order_4606,2,13,[Casio]
931,1blr7r8,2024-03-23 12:40:35,snapdive_,6,0,What's this watch?
932,1blr4y2,2024-03-23 12:36:13,Sellables,2,0,Watch ID
933,1blr2kb,2024-03-23 12:32:33,n20b16,2,11,[Timex] only if they made the Marlin Jet's dial like this üò©
934,1blqozq,2024-03-23 12:10:34,cjsteers,18,8,What‚Äôs the make and model? ü§î
935,1blqogm,2024-03-23 12:09:47,AntonioTheLawyer,27,0,[Question] Wearing expensive watches in Sicily?
936,1blqk5d,2024-03-23 12:02:45,Far-Kale4445,11,6,[Seiko] looking for medium range alternatives to my current diver
937,1blqjtm,2024-03-23 12:02:11,cplfromdxb,0,2,"[Bulova Accutron] Vintage, Advise on the value"
938,1blqcms,2024-03-23 11:50:12,moose_dxb,13,9,[Hublot] Classic Fusion thoughts. Grab your pitchforks‚Ä¶.
939,1blpzfn,2024-03-23 11:27:55,KamiZubon,3,15,[Casio] New watch is giving off used car salesman vibes.
940,1blpyzd,2024-03-23 11:27:05,Alexdedalus,5,56,[Omega De Ville Prestige] M‚Äôy first grownup watch
941,1blpwas,2024-03-23 11:22:09,JovanThePlatypus456,5,0,Can someone help me identify what model of watch is this and hiw much it costs?
942,1blpecp,2024-03-23 10:50:54,Parking-Access4616,2,1,[Suggestions] Best sterile/unbranded/anonymus dials
943,1blpdwf,2024-03-23 10:50:06,Qu4sW3xExort,3,0,Which watch Dmitry Medvedev use on this photo?
944,1blp44s,2024-03-23 10:32:19,ilikemetal69,0,3,[Tissot Seastar Seven] I posted about this watch I inherited back in November. Finally got around to have it cleaned up!
945,1bloxdv,2024-03-23 10:19:50,Sentimental_waltz,4,0,Can someone help me identify this watch?
946,1blo955,2024-03-23 09:33:49,engineer_ae,7,1,[Opinion and Short Review]: Spaceone Paris Watches
947,1blo1t6,2024-03-23 09:19:32,tomahawk66mtb,73,208,[CW C60 #Tide] I finally have my dream watch
948,1blnwch,2024-03-23 09:09:02,MementoMurray,3,0,I would like some help identifying a watch.
949,1blnldw,2024-03-23 08:48:23,youvebeenjammed,1,2,[Seiko] Happy Saturday
950,1blni5d,2024-03-23 08:41:51,tothecrossroads,18,0,[Question] How long does it take for an automatic watch to be fully wound up through regular wear only?
951,1blng60,2024-03-23 08:37:51,JustCauchi,2,2,[Omega Seamaster] Do you guys think this will polish out?
952,1blne4v,2024-03-23 08:33:42,GoldenShieldMaiden,3,0,[G-Shock GMAS2100SK2A] Your thoughts? and my questions.
953,1blndia,2024-03-23 08:32:23,fcoale18,1,2,[Movado Museum] i found a treasure
954,1blmknm,2024-03-23 07:35:36,DustAgitated9128,2,0,[Question] push pull crown tool watch
955,1blmg86,2024-03-23 07:27:05,No_Tension_5471,2,0,What‚Äôs the name of this model
956,1bll8y0,2024-03-23 06:05:33,engineer_ae,32,0,"[Question] Furlan Marri for $3,175 should I?"
957,1bll7lo,2024-03-23 06:03:09,Pale_Blue_Noise,7,0,[SEIKO BELLMATIC] Bracelet question‚Ä¶
958,1bll707,2024-03-23 06:02:07,AutoModerator,6,3,"[Wrist Check] Official Wrist Check Thread for March 23, 2024"
959,1bll49w,2024-03-23 05:57:26,Illustrious-Row-6085,4,2,[Recommendation Request] Seiko Prospex SPB117 vs Hamilton Khaki Field Auto
960,1blkntk,2024-03-23 05:28:09,ToastRocket,24,4,[Recommend/Thoughts] Own the first 3. Looking at the rest for future. How does this look as a collection? [SOTC]
961,1blkgmw,2024-03-23 05:15:40,juswa1111,17,79,[Tudor Black Bay 58] 
962,1blka4s,2024-03-23 05:04:41,Eddie_Saladbar_Jr,1,4,ID on 90s LAX Denzel watch? [Identify]
963,1blk9lp,2024-03-23 05:03:51,Strong_Importance536,19,0,[opinion] does this look too big ? Should I buy?
964,1blk51d,2024-03-23 04:56:31,LP_inmyheart,0,1,[Advice] How to hand-wind FC303
965,1bljskd,2024-03-23 04:36:25,salted11caramel,1,0,Does anyone know what watch this is
966,1bljrcg,2024-03-23 04:34:27,cheesewheelfan,3,0,[Identify] Handful of my dad's old watches. any of them particularly special?
967,1blj3rd,2024-03-23 03:58:33,OS_San,42,62,[Recommend] My next purchase
968,1blimb1,2024-03-23 03:32:33,issa240sx,2,4,Sorry to make this post again...
969,1blij4q,2024-03-23 03:28:06,universal_peperoni,11,0,[Omega] x swatch collab 
970,1bliiun,2024-03-23 03:27:40,finbin37,0,1,[SOTC] started buying watching in December. Happy so far
971,1bligtw,2024-03-23 03:24:42,universal_peperoni,23,0,[Omega] the omega x swatch collab wasn't that good 
972,1blibdw,2024-03-23 03:16:41,dunkm,5,27,[Grand Seiko Shunbun] I like pink
973,1bli46j,2024-03-23 03:06:02,DucAnhhhh,4,0,Is this watch looks like it has been customize in any movement???
974,1blhtjp,2024-03-23 02:51:01,improvthismoment,15,1,[Discussion] Occupations and watchers
975,1blhhu2,2024-03-23 02:34:45,destinyjazz,4,0,Help to identify the model of this Rado
976,1blhc7w,2024-03-23 02:27:08,Twinattack88,2,28,[Timex] 1990 Skiathlom
977,1blh4qt,2024-03-23 02:16:50,Unable-Masterpiece78,0,2,[swatch] Swatch Irony Yvs437strap suggestions 
978,1blgtav,2024-03-23 02:01:09,AbyssalSunset,1,9,[Spinnaker] (Yet another) Fifty Phantoms
979,1blgh34,2024-03-23 01:44:24,urnotmadeoftuesday,1,0,Looking for help
980,1blge2e,2024-03-23 01:40:12,OakFood,11,2,"Don‚Äôt know a lot about watches. But, found this at a storage unit I bought. No box or papers."
981,1blg98a,2024-03-23 01:33:37,Fine_Calligrapher_33,1,0,Vas is das? Any idea what this is?
982,1blg72k,2024-03-23 01:30:49,Soggy_Boss_6136,0,1,[Discuss] Longines the only realistically priced retrograde seconds
983,1blg3g3,2024-03-23 01:25:58,CommunicationSad1478,7,52,[Blancpain FF Bathy Titanium] First luxury watch
984,1blfqw2,2024-03-23 01:09:14,Darkzeto92,21,0,Watch identity
985,1blflvg,2024-03-23 01:02:28,--Nefarious--,4,29,[Omega] My mother's diamond constellation she purchased for $300 in 2008
986,1blfiir,2024-03-23 00:58:06,ozzyp2jz,2,1,[Field Watch Help] Seiko 5 vs Boderry Voyager
987,1blfeas,2024-03-23 00:52:17,IncomingZangarang,7,3,[Spinnaker 50 Phantoms] Hand swap
988,1bles5k,2024-03-23 00:23:48,chief_ofthewatch,1,16,[panerai]
989,1blek8b,2024-03-23 00:14:03,moniker02,0,2,[Seiko] 5 Sports GMT SSK003
990,1blef3v,2024-03-23 00:07:47,ComfortMaterial5898,0,3,[Cassio Duro 38 mm]
